Posts|111669838854|2012-05-23 04:06:00|photo111669838854.jpg|13194139534984
Posts|111669838855|2012-05-23 04:06:01|photo111669838855.jpg|13194139534984
Posts|111669838856|2012-05-23 04:06:02|photo111669838856.jpg|13194139534984
Posts|111669838857|2012-05-23 04:06:03|photo111669838857.jpg|13194139534984
Comments|111669251667|2012-05-23 04:06:24|About Martina Navratilova,. About Jackson Browne, incl. About Kenny Rogers, St.|6597069768065|111669251660
Comments|111670163787|2012-05-23 04:06:48|About Philip II of Spain, rule, Spain reac. About Weird Al Yankovic, two minor US hits. About John Rhys-Davies, and Tobias in t.|10995116281230|111670163752
