3981|Lei Liu
974|Heinz Frank
1564|Emperor of Brazil Silva
4661|Michael Wang
3825|Richard Richter
2608|Wei Zhu
3633|Jun Wu
2886|Baoping Wu
143|Maria Alkaios
459|Jharana Bajracharya Rashid Shrestha
1259|Mee Vongvichit
94|Jun Hu
555|Chen Yang
2214|Alexander Ivanov
4511|Bing Zhang
4555|Wei Zhou
2788|Peter Schmidt
4231|Yang Zhang
4273|Jun Lu
3217|Esti Bahaina
3705|Bingjian Zhang
2191|Jaime Rojas
2004|Wei Xu
4755|Rudolf Wagner
407|Gregorio Manalo
1079|Faisal Qureshi
1103|Mehmet Ayhan
2783|Rafael Alonso
2917|Atsushi Yamada
3571|Akram Abuhatzira
4643|Ai Yan
2023|Andreas Svensson
2609|Takeshi Yamada
1419|Billy Barahona
3315|Marguerite Ravalomanana
150|Alfonso Alvarez
4986|Carlos Betancourt
4577|Hao Zhang
2862|Batong Ho
3962|Sergio Gonzalez
3412|Lei Wang
4005|Zheng Zhang
768|Abraham Townsend
1242|Hans Johansson
4693|Zhong Zhang
687|Jie Zhang
3748|Chen Yang
3730|Donnie Wei
267|Aburizal Mohede
3331|Gheorghe Kovacs
683|Marcelo Oliveira
3092|Ning Zhang
4644|Alexei Pliuschin
238|Burak Koksal
1434|Andrzej Zakrzewski
4624|Wei Zhu
1222|Ali Brar
1050|Rafael Magomaev
3688|Ismail Omar Mamo
2269|Chan Yoon
1909|Peng Li
4831|Yang Yan
987|Ali Diori
4848|Chau Nguyen
2317|Jiro Sato
2530|Aleksei Popov
4178|Lei Yan
1274|Roberto Fernandez
702|Alfonso Rodriguez
1490|John Wilson
4506|Luiz Gomes
3192|Yang Zhang
4139|Baruch Dego
4296|Peng Zhao
512|Lin Wang
4418|Samuel Akongo
3764|Muhammad Khan
3627|Sergey Vasilievich Iglinsky
3055|Alexander Dobrunov
1160|Ching Do
4281|Jharana Gurung
1959|Alberto Rodriguez
4290|Wei Chen
1355|Peter Taylor
1131|Lei Li
1077|Alfred Dijkstra
2310|Ferenc Kiss
367|Li Liu
3539|Ai Wang
1922|Khaled Aouadhi
2292|Daniil Popov
4018|Rodrigo Alves
709|Cesar Sotto
619|Hans Richter
250|Chen Wang
1481|Akira Takahashi
1269|Diana Zhang
318|Claude Radafison
96|Anson Chen
4428|Abraham Law-Yone
4688|Chen Lu
1148|Guillermo Rodriguez
932|Carlos Souza
3716|Anh Doan
3670|William Brown
3924|Zheng Chen
1949|Chen Yang
3949|Ayesha Butt
2588|Luis Alonso
4435|Jun Yang
3120|Carlos Gonzalez
1219|Prince Margaritoglou
583|Bingbing Zhang
4558|Hans Karlsson
3067|Aa Ngurah Mohede
2079|A. K. Amjad
4827|Bingjian Xu
4460|Jun Zhu
998|Carlos Abarca
3722|Marietta Garbi
3944|Armando Antonio
4233|Aleksandr Basov
2135|David Grenville
4008|Ammar Cardinale
1753|Tariq Malik
344|Leonid Makarova
3454|Yang Li
3676|Hideki Yamada
290|Ayesha Baloch
3522|Ali Lambo
1847|Jun Zhang
465|Lin Zhu
471|Zoran Aralica
4528|Zheng Yang
3247|Abraham Mamo
1979|Kostas Karachalios
1874|Jun Liu
3175|Bohuslav Kurková
4822|Alejandro Alvarez
378|Wilhelm Muller
1161|Li Zhang
3219|Artur Tavares
2843|Ben Zhu
3606|Andrew Kibona
933|Mahinda Perera
3587|Ahmad Chedid
2099|Juan Diaz
3781|John Harrison
1984|Angela Muller
2330|Zhong Wang
4952|Josef Richter
976|Wei Li
4607|Michael Hoffmann
1921|Abdel Halim Ali Shabana Hassan
3325|Faisal Hussain
3661|Marguerite Ravalomanana
4465|Wei Li
2698|Alexander Efimkin
3780|Chen Li
2165|Bertin Tchami
2194|Alexander Dobrunov
1644|Paul Roberts
772|Ashley Coetzee
2738|Eden Atias
2519|Pisith Chau
941|Aryo Tobing
3274|Alexander Anwar
3755|Antonio Oliveira
1925|Massamba Fuema
296|Zaenal Gallagher
102|Philibert Roindefo
2285|Zheng Liu
1276|Jim Smith
2266|Kemal Yasar
3212|Bona Pinder Yayumayalolo Akongo
4353|Huong Nguyen
3528|Richard Aquino
3500|Antonio Gonzalez
3060|Anson Xu
3601|Lin Wang
2304|Walter Hoffmann
1129|Carmen Lepland
870|Dionysis Karvelas
3558|Louis Nys
4598|Peng Yang
4689|Jim Thomas
2163|Cam Ho
3231|Aleksandr Garlitsky
2874|Jie Wu
2052|Valdas Kauspedas
609|Lei Yang
1726|John Ali
1573|Danijel Ali
3704|Albaye Papa Faye
3760|Zhi Li
3682|Claudia Costantino
2370|Yang Zhu
668|Nicolas Foucault
3039|Li Wang
4766|Chen Li
2197|Yang Zhang
959|Seung-Hoon Kim
345|David Herzigová
939|Alejandro Sumac
3897|Wei Yang
985|Wei Liu
2343|Babar Qureshi
2817|Lin Li
2329|Hao Chen
454|Fritz Richter
3914|Fernando Gonzalez
4615|Batong Ha
1099511632001|Eddie Santos
1099511628457|Eduardo Gutierrez
1099511629411|Fernando Alarcón
3309|Juan Cardenas
4408|John Smith
2792|Mike Fox
4534|David Jones
1509|Alexandre Pinzaru
1099511631132|Wei Li
1099511630163|Jun Li
1099511628892|Rodrigo Costa
65|Marc Ravalomanana
1099511631424|Baoping Huang
788|Howard Ha
2845|Frederick Kawawa
1099511630341|Alphonse Ambane
1099511628833|Ignacio Castillo
1125|Abdul Razzak Jahani
4047|Li Zhang
3991|Yang Zhang
1099511631249|James Mitchell
4279|Mohammad Reza Forouhar
1099511630297|Ernest B Merton
1791|Hao Liu
1099511631283|Cheng Wei
2965|Abdel Wahab Mahmoud
1099511628642|Li Li
4157|Aleksandr Basov
1099511630235|Ydnekatchew Guelleh
4765|Yang Wang
1099511629367|Gyula Laszlo
3779|Dita Hleb
1099511630113|Abdul Hay Jahani
1099511631747|Walter Fischer
1099511628629|Chen Li
1099511631072|Martin Martin
4143|Bich Phuong Le
1099511632392|Karl Hartmann
1099511629672|Chen Yang
3791|Djelaludin Zaland
4194|Hồ Chí Do
4892|Jun Zhang
4512|Jorge Gonzalez
1099511630379|Chen Chen
1099511630966|Chris Merton
1099511631204|Otto Kurková
2706|Mario Bindi
1521|Wei Yang
1099511628378|Dale Garcia
1099511630415|Lin Liu
1099511631917|Wei Li
1099511630227|Ali Achiou
1793|Jose Sanchez
4517|Adolfo Diaz
3994|Chen Xu
1099511632032|Aittiphon Amarttayakul
1099511629679|Ae-ra Cho
1099511629521|Valentin Barbu
1099511630680|Alfonso Campos
3911|Andry Rajoelina
1099511630960|Saad Abbaas
1099511631015|Artur Martins
4242|David Castillo
1099511629769|Jie Li
1734|Jose Fernandez
1099511631323|Francisco Alvarez
1099511628524|Dith Sisamouth
1099511628571|Benedict Yang
1099511632529|Ali Kamkar
1099511629258|Jacques Alcazar
1099511629296|Wilson Agudelo
2559|Mohammad Aligator
1099511631226|Mart Aas
1099511630967|Dominique Dia
1099511630201|Hyo-Jin Han
1099511629096|Pavel Kerndlova
1099511630797|Ayesha Ahmed
1099511628232|Wei Yang
1099511631095|Zhong Yang
1099511630682|Zheng Wang
1099511630087|Walter Muller
1099511628627|Zhong Yang
1099511631976|Andrei Hleb
1549|Yang Wang
1099511632742|Yang Yang
1099511631528|Walter Fischer
1099511631444|Michael Yang
1099511629117|Babar Hussain
1099511630189|Neil Evans
1099511631649|Johan Andersson
1099511630230|Abdoulaye Diouf
1099511632767|Zheng Hu
3453|Denis Ingram
1099511632044|Mike Young
1099511629854|Tayfun Sezer
1099511628211|Hao Chen
4207|Li Li
1099511632421|Jun Hu
1933|Muhammad Ahmed
1099511629614|Georgi Georgiev
1099511627912|Alexander Basov
1099511629508|Cam Loan
1099511628321|Walter Schmidt
1099511632601|Lei Wang
1099511631898|Kenji Matsudaira
1099511629359|Karim Ambane
1099511630252|Babar Khan
1099511629479|Jun Wang
2048|Taufik Arif
1099511628041|Anucha Supinyo
1099511631838|Yang Zhang
1099511629595|Alfonso Araujo Castro
1099511631947|P. Banda
1099511630776|Jie Liu
1099511632273|Jun Zhou
1099511632098|Daniele Russo
1099511632205|Zheng Wang
1099511630940|Wei Xu
1099511631981|Abdul-Malik Alhouthi
1099511628176|Konstantinos Antoniou
1099511628968|Andrey Aab
1099511630947|Dichen Gurung
1099511630654|Wuttichai Amornkiat
1099511628661|Rudolf Engel
1099511628800|Bo Xu
1099511629105|Ammar David
1099511628205|Eugenia Efimkin
1099511629519|Lei Zhang
1099511628776|Ion David
1099511632600|Henry Stewart
1099511628305|Gregorio Reyes
1099511629463|Mikhail Basov
1099511628676|Richard Lawson
1099511632387|Alexandre Costa
1099511632128|Hao Wang
1099511630703|Josef Herzigová
1099511630088|Lei Li
1099511629906|Alfonso Gonzalez
1099511632140|Juan Suarez
1099511628045|Ahmad Rafiq Irama
4758|Jose Costa
1099511628754|Pol Dara
1099511628460|Chi He
1099511631482|Javed Ahmed
1099511629287|Mathieu Bemba
1099511629845|Zheng Zhang
1099511628273|Enhua Li
1099511630314|Abderraouf David
1099511632141|Kaoru Sato
2035|Jun Yang
1099511632283|Igor Basov
1099511629960|Zhang Li
1099511631018|El-Farouk Adjaye
1099511628093|Ilguilas Lambo
1099511628122|David Murray
1099511629464|Chutima At-Savanon
1099511630204|Yang Zhao
1099511628545|dou Faye
1099511631749|Paul Popescu
1099511631563|Peng Chen
1099511628575|Ai Liu
1099511630354|Peng Zhang
1099511628858|Zeki Ak
1099511630436|Ai Xu
1099511632456|Bela Laszlo
1099511631844|Chokri David
1099511627984|Hayyim Gillett
1099511629741|Alexander Gallagher
1099511631168|Arthur Jones
1099511628443|Jonas Bergman
1099511631439|Vincent Seaton
1099511632632|Hao Zhang
2002|Carlos Rodriguez
1099511628301|Ibrahim Bare Ousmane
1099511630634|Howard Pham
1099511630661|Peng Yang
1099511628683|Alejandro Enriquez
1099511628748|Lev Kuzmina
1099511630552|Ge Li
1099511630588|Abdul Baseer Sadat
1099511632432|Joe Smith
1099511629501|Jie Zhu
1099511629851|Francis Reyes
1099511628760|Esti Mamo Dego
1099511632373|Artur Juric
1099511628095|Adriaen Dam
1099511628696|Cristian Diaz
1099511630952|Asim Qureshi
1099511628177|Fritz Fischer
1099511632155|Ulf Andersson
1099511628160|Ali Hasanov
1099511631950|Amy Leong
1099511628079|Norodom Chau
4767|Ching Ho
1099511628405|Yang Chen
1099511627884|Ruby Thapa
1099511632315|Janne Seppala
1099511630806|Alexander Basov
1099511632488|Tariq Ahmad
1099511630669|Francisco Alonso
1099511631126|Mehdi Khaleghi
1099511630963|Amber Hassan
1099511631775|Aad De Vries
1099511629352|Ge Liu
1099511631068|Dennis Murray
1099511630290|Aafia Khan
1099511630114|Mohamed David
1099511632669|Bing Li
1099511628817|Zhi Zhu
1099511628349|Choi Choi
1099511631578|Aisso Mamo
1099511628501|Allister Miller
1099511628164|Yang Chen
1099511630154|Alexander Kahnovich
1099511627887|Peng Liu
1099511628612|Celso Nascimento
1099511628111|Johan Lindberg
1099511631287|Rahim Qaderi
1099511627971|Bing Chen
1099511632751|Ning Li
1099511628587|Cesar Gonzales
1099511628402|Hideki Suzuki
1099511630504|Macky Mendy
1099511632568|Juan Luis González
1099511632213|Abdul Hameed Khan
1099511630737|Pol Dany
1099511629948|Zhang Zhang
1099511628651|Yang He
1099511631992|Marek Kowalski
1099511629940|Jie Chen
1099511631914|Asim Malik
1099511630403|Daniel Rodriguez
1099511630976|Adriaan Jong
1099511632199|El-Hadji Arona Faye
4570|Rahim Zaland
1099511632617|Akira Suzuki
1099511632099|Jie Yang
1099511628966|Bing Zhang
1099511628022|Brian Wilson
1099511630454|Lei Wang
1099511631797|Fernando Alessandri
1099511631063|Abdou Faye
1099511631980|Sam Carter
1099511631199|Mohammad Ali Motamed
1099511631030|Nikki Cruz
1099511632041|Yang Yan
1099511632296|Gordon Coetzee
1099511628255|Rodrigo Balmaceda
1099511631802|Ivan Dobrunov
1099511629000|Wei Yang
1099511627782|Baby Yang
1099511628534|Michael Xu
1099511632245|Tiffany Dumezweni
1099511630761|Cheng Zhang
1099511629040|Jun Wu
1099511629977|Hussein Badreddin Al- Izzard
1099511628913|Ferenc Kovacs
1099511632515|Prince Yamada
1099511629456|Hoang Yen Nguyen
1099511632106|Jie Wei
1099511629430|Kamal Aziz
1929|Karl Fischer
1099511629073|Otto Herzigová
1099511627861|Hao Li
1099511629877|Prince Yamada
1099511628310|Georgios Antoniou
1099511628942|Carolina Alvarez
1099511629978|Pablo Diaz
1099511631630|Paul Johnson
1099511632689|Laszlo Toth
1099511629520|Palghat Karat
1099511631925|Hans Richter
1099511628744|Lei Liu
1099511628810|Alfonso Elizalde
1845|Roy Bell
1099511630039|Karishma Gurung
1099511632352|Arap Ngoche
1099511628680|Yang Zhang
1099511628173|Jacques Abdeslam
443|Ousmane Faye
1099511629515|Hans Becker
1099511629158|Cedric Ako
1099511632338|Rico Magalona
2199023260352|Jean-Pierre Bembo-Leta
1099511631587|Alejandro Araya
1099511630264|Kamal Mansour
1099511632772|Alexander Berman
1099511629268|Carlos Rodriguez
2199023256115|Yang Wei
1099511632144|Daniel Delfino
2199023258386|Jean De Bie
2199023256649|Jorge Arango
3985|Chris Raghu
2199023256160|Steve Williams
2199023260094|Ernst Bauer
1099511631714|Carlo Perez
1099511629572|Albade Diori
1099511632362|Adel Mahmoud
1099511629535|Angel Evaristo
2199023256132|Mohamed Aouadhi
2199023256352|Alexander Popov
2199023259227|Ge Zhang
2199023256590|Lin Yang
2199023257352|Wei Wang
2199023258499|Lin Zhang
2199023257110|Rene Buysse
2199023258673|Ricardo Calvert
2199023256332|Aburizal Tobing
1099511632118|Marcelo Costa
2199023256940|Tom Williams
2199023257097|Wilhelm Schmidt
1099511630956|Werner Becker
1099511632314|Ning Zhang
1099511629086|Takeshi Yamada
2199023259109|Baby Zhang
2199023255983|Ali Lambo
2199023256824|Jack Wilson
2199023257748|Taufik Tobing
1099511628790|Muhammad Balawan
2199023257021|Eko Maulana Irama
1099511629143|Alexander Budjana
2199023258772|Salma Malik
2199023260102|Yang Wei
2199023257480|Fritz Engel
1829|Abby Chen
2199023256211|Zdenek Balcar
2199023259961|Jun Li
2199023258254|David Sanchez
2199023259414|Salma Iqbal
2199023259517|Wei Zhao
2199023257979|Chakrit Amarttayakul
2199023260104|Aleksandr Feinstein
2199023258320|Nick Smith
2199023257701|Yang Lu
1099511631718|Aad Jong
2199023259663|Hans Berg
2199023257168|Babar Ahmed
2199023260492|Ching Nguyen
2199023257543|Christopher Ako
2199023258529|Aharon Ben Dhifallah
2199023259592|Yosef Dayan
1099511631241|Hernaldo Zuniga
2199023260131|Chen Zhang
2199023257466|Jie Wang
2199023257181|Lin Zhang
2199023258095|Zheng Zhu
2199023258642|Friedrich Muller
2199023258641|Erik Hansson
1099511630466|Abdulwahab Al-Shorabi
2199023256318|Jun Wang
2199023259854|S Herath
2199023255911|Rogerio Alves
2199023256182|Camila Alves
2199023259841|Zeki Simsek
2199023257693|Pavel Kurková
1099511627909|Alexandr Akhmadiyeva
2199023257793|Richard Akongo
2199023256227|Roger Jones
2199023257694|Zhang Chen
2199023258605|Kirill Ivanov
2199023255593|Yang Wang
2199023258686|Akira Suzuki
1099511629021|Alex Obanda Obuya
1099511632307|Peng Zhang
2199023255872|Tom Wilson
2199023258237|Lin Wang
2199023258603|Wei Liu
2199023256610|Abdul Baseer Khan
2199023257942|Jan Zakrzewski
2199023256195|Zheng Zhang
2199023255890|Abdul Haris Anwar
2199023258935|Babar Malik
2199023255786|David Wilson
2199023256120|Edwin Akbar
2946|Chen Zhao
1099511628488|Cam Ho
2199023259489|Bishop Augustin Mbonabucya
2199023257051|Prince Suzuki
2199023259748|Seung-Won Yoon
2199023255837|Richard Newton
2199023258354|Ahsan Ahmed
2199023260146|Yang Yang
2199023257212|Hassan Forouhar
2199023257989|Daisuke Sato
2199023259689|Prince Yamamoto
2199023259901|Faiz Sadat
4695|Jose Santos
2199023260347|Paulo Oliveira
2199023257144|Asyifa Anwar
1885|Ricardo Alvarez
2199023258504|Mikhail Efimkin
2199023260482|Isla Al-Shoon
2199023257214|Alexander Kuzmina
2199023257266|Agustiar Anwar
2199023255874|Muhammad Iqbal
2199023259112|Mart Laur
2199023260184|Luis Manalo
2199023259885|Wei Zhang
2199023258538|Chan Kok Lim
2199023259850|Wei Wang
2199023256270|Yang Zhang
2199023260237|Bingbing Zhang
2199023257994|Oleksandr Matveyev
2199023256385|Svetlana Bologan
2199023256692|Carlos Rodriguez
2199023259124|Lin Li
2199023260536|Jean-Pierre Michel
2199023257622|Chengdong Yang
2199023257634|Andrea Blanco
2199023255843|Chen Li
2199023260201|Lyubov Aab
2199023257016|Yuki Yamada
2199023256184|Hao Liu
2199023259039|Jun Yang
2199023258157|Alexsandr Iskakova
2199023258666|Anthony Forko
2199023259851|Otto Beran
2199023257731|Hao Chen
1099511631532|Bich Phuong Ha
2199023260343|Ernst Fischer
2199023256293|Ning Zhang
2199023258973|Baoping Wang
2199023256786|Anson Zhu
2199023256996|Mikhail Sheik
2199023258994|Witold Kaczmarek
2199023259871|Hao Zhang
2199023255705|Abdala Ndiaye
2199023259116|Francis Garcia
2199023259582|Andrei Tanase
2199023258298|Lei Yang
2199023257447|Daniel Chihab
2199023256654|Fernando Amenábar
2199023259615|Lin Zhang
2199023258796|Hao Li
2199023259399|Alejandro Delfino
2199023259396|Hao Zhao
2199023255815|Bingyi Zhang
2199023255602|Alec Lin
2199023255780|Asher Mamo
2199023259477|Wei Li
2199023260452|Zhang Yang
2199023257671|David Martinez
2199023260406|Hassan Khaleghi
2199023258898|Lei Chen
2199023255770|Mike Wilson
2199023258962|Sergio Alonso
2199023259423|Francisco Martinez
2199023256845|Li Wang
2199023257657|Hideki Yamada
2199023255625|Cheng Chen
2199023256715|Chris Michie
2199023260026|Takeshi Yamada
2199023256835|Chen Li
2199023256810|Lei Zhao
2199023260136|Sirak Mamo
2199023259659|Ayesha Hussain
2199023259170|Lin Wei
2199023258253|Abdul Rahman Balawan
2199023258932|Zhong Wang
2199023258317|Ibrahim Bare Diori
2199023258177|Zhang Lei
2199023259993|Zaenal Budjana
2199023258391|Chen Li
2199023258275|Paul Brown
2199023258866|Adam Leakey
2199023256035|Frank Anderson
2199023257386|Jun Chen
2472|Bekhan Iglinsky
2199023259031|Baruch Gerima
2199023257476|Lei Liu
2199023258248|Ben Campbell
2199023257782|Chan Wu
2199023258331|Jose Filho
2199023257532|Wei Zhang
2199023259884|Enrique Lopez
2199023259739|Charles Ambane
2199023256975|Werner Muller
2199023259066|Hassan Ali
2199023258148|Zhong Wang
2199023258202|Jae-Jin Choi
2199023258563|Jun Chen
2199023256615|Gustavo Arbelaez
2199023256389|Bingbing Wang
2199023257971|Pablo Alvarez
2199023256980|Binh Nguyen
2199023259650|Avraham Glazer-Ta'asa
2199023256148|Mahmoud Ali
2199023257577|Taufik Anwar
2199023259014|John Lewis
2199023259766|Chuan Wang
2199023258262|Ge Xu
2199023260078|Muhammad Balawan
2199023257779|Akira Nakamura
2199023259626|George Jones
2199023257268|Ahsan Hussain
2199023257350|Wei Li
2199023257292|Manuel Perez
2199023257822|Peng Li
2199023257702|Victor Barbu
2199023256450|Chengdong Wu
2199023258214|Anson Zhu
2199023257826|Pierre Michel
2199023256754|Benedict Li
2199023259513|Nikos Giannopoulos
2199023259033|Cam Ha
2199023257546|Youssef Aouadhi
2199023255628|Jae-Jin Park
2199023256804|Jie Zhang
2199023257904|Michael Wang
2199023260215|Ken Suzuki
2199023260443|Elmar Andrle
2199023257084|Wilson Dom Pedro II
2199023255611|Chen Yang
2199023256044|Ge Wei
2199023260409|Michael Chen
2199023256969|Abdelaziz Ferrer
2199023260289|Ibrahima Keita
2199023257588|Thomas Davis
2199023255915|Ahmed Abdul Hamid
2199023259515|Hoang Yen Hoang
2199023260362|Josef Kurková
2199023259041|Aamer Qureshi
2199023258704|Binh Ho
2199023259562|Hamid Forouhar
2199023256751|Bing Wang
2199023256642|Jesus Mendez
2199023255689|Eduardo Gonzalez
1099511630344|Michael Smith
1099511631663|Juliana Silva
1099511628908|Wei Chen
2199023260397|Jun Wang
2199023258584|Apasra Boy
2199023258891|Alexsandr Aab
2199023256449|Lei Zhu
2199023256041|Ali Leakey
1099511632227|Yang Chen
2199023259370|Ajuma Nasenyana Obuya
2199023259437|Barbara Kanam Bembo-Leta
2199023257338|Hao Xu
2199023259737|Yang Wang
1099511627786|Wolfgang Bauer
2199023260439|Alex Alvarez
2199023258085|Antonio Manalo
2199023258363|Babar Khan
2199023256040|Antonio Garcia
893|Ning Wang
2199023257274|Bingbing Liu
2199023259353|Ge Wei
2199023259530|Wei Liu
2199023259467|Fernando Alva
2199023260174|Wei Zhu
2199023257721|Talat Iqbal
2199023255565|Mehmet Koksal
3298534884020|Guillermo Irigoyen
3298534885767|Giorgio Bianchi
2199023258029|Jun Zhao
2199023256888|Arnold Laur
3298534887189|Ida Baldini
2199023259958|Takeshi Yamamoto
2199023260033|Peng Li
3298534887143|Jun Wang
3298534884996|Abdoulaye Djibo
2199023259267|Carlos Blanco
2199023257999|Wei Wei
3298534884297|Anh Ha
1182|Lei Zhu
3372|Carlo Sotto
4001|Abelardo Armenteros
2199023255738|Rene Buysse
2199023258615|Li Zhao
3298534887229|Mario Ecclestone
3298534886416|Aa Ngurah Anwar
2199023259303|Édouard Kazadi
2199023255633|Adrian Bravo
3298534887706|Jun Kobayashi
2199023259621|Hao He
3298534885454|Abdul Haris Anwar
3298534883655|A. C. Bos
3298534884292|Lin Liu
2199023257912|Muhammad Khan
2199023259778|Chand Dissanayake
3298534888260|Jose Machado
3298534885232|Jean-Pierre Kitoko
3298534887959|Albert Hassan
2199023259609|Cheng Wang
3298534887610|Jing Li
3298534884559|Thomas Ilenda Omonga
2199023256076|Dumitru David
3298534885628|Fritz Hoffmann
3298534884105|Lily Tembo Dogg
3298534883586|Mikhail Popov
3298534883946|Chi Yang
3298534886069|Rahim Jahani
3298534885656|Yang Li
3298534887438|Marcin Andrzejewicz
3298534883469|Yang Li
3298534883821|Bangguo Hu
2199023257185|Daria Ivanov
3298534888242|Jack Stepanivna
1099511631215|Nol Suramarit
1099511629822|Leandro Antunes
3298534885452|Carlos Martins
2199023256942|Yuki Yamamoto
3298534887874|Aad Berg
3298534886091|Michael Wang
2199023256201|Emperor of Brazil Souza
3298534883733|Wei Li
3298534885754|Jerzy Kaminski
3298534886716|Wei Chen
3298534888107|Albert Dobrunov
3298534886174|Masahiro Abe
3298534886050|Rodrigo Silva
3298534884401|Abida Ali
1099511629485|Akira Suzuki
3298534887826|Chen Lei
3298534883633|Daouda Malam Diori
2199023257801|Talat Sheikh
3298534885168|Nikos Angello
2199023256889|Carlos Costa
2199023257733|Bruno Santos
3298534887085|Juan Bravo
2199023259426|Abdul Ghani Ahmadzai
3298534884508|Joao Morais
3298534884677|Ramon Reyes
3298534884801|Carlos Garcia
3298534887312|Chris Nariman
3298534888293|Yang Liu
3298534888246|Koji Takahashi
3298534883856|Manuel Gonzalez
3298534887061|Jie Xu
3298534888136|Ajuma Nasenyana Ngoche
3298534888154|Michael Zhang
3298534888062|Isabel Reyes
3298534884340|Nicolae Antonescu
3298534883898|Chen Li
2199023259311|Emperor of Brazil Santos
3298534885464|Muhammad Hussain
3298534883397|Masahiro Sato
3298534884676|Eduardo Rodriguez
3298534885221|Peter Laszlo
3298534887558|Dzmitry Dapkiunas
3298534883391|Fritz Engel
3298534887234|Frank Jones
3298534886150|Seung-Won Kang
3298534887995|Claudio Pinto
3298534886836|Peng Zhu
3298534884136|Lei Yang
3298534885239|Georg Richter
4234|Lin Lei
1690|Yitzhak Peretz
3298534883789|Eli Peretz
3298534884576|Alexander G. Balawan
3298534887013|Manuel Garcia
3298534887009|Cesar Lopez
3298534887302|Wilson Guardiola
3298534886761|Talat Sheikh
3298534885318|Lei Yang
3298534883914|Salim Ahmed Binalshibh
3298534887837|Ladji Mendy
3298534888102|Abimael Allende
3298534884883|Edward Ouma
3298534885236|Ahsan Sheikh
3298534886043|Abida Ahmed
3298534883405|Karl Fischer
3298534888111|Asim Khan
3298534884556|Emad Mahmoud
3298534885877|Sirak Guelleh
3298534887192|Hans Larsson
3298534885898|Adje van den Berg Berg
3298534886772|Ganesh Shrestha
3298534883367|Alexei Feltsman
3298534883616|Ali Karimi
3298534886207|Asha-Rose Mtengeti Hinkle
3298534884912|Chen Zhang
2199023257820|Guillermo Agramonte
3298534885982|Bichang Liu
3298534885712|Juan Diaz
3298534884752|Francisco Garcia
3298534886581|Chen Zhang
3298534886936|Juan Escobar
3298534885212|Ken Matsudaira
3298534887510|Ioannis Xanthopoulos
3298534883973|Ron Anderson
3298534887305|Caroline Ribeiro
3298534884419|Fali Sam Nariman
3298534885276|Kiyoshi Sato
3298534884223|Cheng Yang
3298534884742|Tom Mertens
3298534887638|Ernst Kerndlova
2199023255694|Chen Li
3298534884959|Chito Reyes
3298534884358|Alcides Amador
3298534887207|Bruce Coetzee
3298534888250|Peter Taylor
3298534885653|Raul Castillo
3298534887480|Jan Carr
3298534884079|Michael Zhang
3298534886719|Edward Popov
3298534886058|Joseph Brown
3298534887374|Asyifa Budjana
3298534884142|George Antoniou
3298534885659|Vitor Santos
3298534884307|Thomas Ilenda Lita
3298534886613|Manuel Perez
3298534883350|Ken Yamada
3298534885814|Yang Wang
3298534884346|Ge Li
3298534886380|Andreina Alvarez
3298534884908|Hao Li
1099511631136|Charles Camp
3298534883522|Claude Aly
3298534887134|Abimael Castillo
3298534887454|Zaenal Balawan
3298534886865|Seyni Lambo
3298534886463|Mehmet Arikan
3298534884427|Eugene Moke Bemba
3298534886101|Gyorgy Kovacs
3298534884992|Eun-Hye Lee
3298534883493|Ben Yang
3298534886866|Lei Zhu
1099511631974|Anang Gallagher
3298534886689|Khuc Pham
3298534887410|Kiyoshi Sato
3298534886766|Juan Martinez
3298534884087|Ernest B Karat
3298534884072|Sergio Deburgh
3298534887543|Seung-Won Park
3298534883392|Jorge Araujo Castro
3298534884540|Gabriel Rodriguez
3298534883665|Alfred Mulder
3298534886905|Paul Smith
3298534888178|Tom Smith
3298534887885|George Johnson
3298534883518|Abdul Wahid Jahani
3298534887463|Roberto Acuna y Manrique
3298534885790|Paulo Santos
3298534885101|Ferenc Kiss
3298534886527|Antonio Rodriguez
2199023257026|Mário Ferreira
3298534887729|Akihiko Choi
3298534887188|William Taylor
3298534885606|Dita Dapkiunas
3298534885098|Jie Wang
3298534885494|Joseph Kitoko
3298534887896|John Smith
3298534887753|Gerhard Richter
3298534884013|Nicolae Antonescu
3298534886276|Bill Davis
3298534887604|David Adams
3298534884031|Jun Li
3298534883685|Huong Do
3298534884380|Abdou Dia
3298534884947|Faiz Qaderi
3298534887127|Jun Yang
3298534887006|Antonio Sotto
3298534885989|Mike Williams
3298534886132|Dawa Dolma Yang
3298534883670|Sergio Suarez
3298534885727|Jharana Bajracharya Rashid Bombo
3298534887049|Michael Wei
3298534887659|Lin Yang
3298534886471|Sergio Abascal
3298534885857|James Kent
3298534884404|David Smith
3298534885176|Jovito Aquino
3298534885985|Zheng Li
3298534886248|Zhang Li
3298534886138|Artur Cardoso
3298534883331|Aleksandr Efimkin
3298534887871|Dan Andersson
3298534887981|Binh Loan
3298534886128|Heinz Richter
3298534887621|Jose Estefan
3298534884523|Luis Rodriguez
1099511631292|Bill Ford
2199023257739|Heinz Schulz
3298534888309|Barbara Kanam Omonga
3298534887557|Bich Phuong Ha
3298534884826|Ge Liu
3298534883365|Wei Wei
3298534884019|Zhang Wu
3298534885792|Lin Yang
2199023258588|Alexandre Machado
3298534884244|Babar Iqbal
3298534886729|Berik Akhmadiyeva
3298534884129|Richard Robinson
3298534885066|Shakti Bombo
3298534887931|Muhammad Ahmed
3298534885836|Henri Buysse
3298534887662|Chen Chen
3298534884728|Bing Wang
3298534885343|Aileen Lee
3298534887649|Maria Stepanivna
3298534884104|Hao Chen
3298534884049|Anson Li
3298534885196|Lin Wang
3298534887808|Lei Wang
3298534883739|Conor Campbell
3298534884759|Abdul Jamil Malik
3298534884047|Juan Cejas
2199023256205|Abraham Wilby
2199023258324|Lei Li
3298534884750|Ali Kountche
3298534883972|Jose Salvador
3298534888277|Aleksandr Popov
3298534884243|John Ahmad
3298534885006|Dawa Dolma Jia
2199023257612|Richard Williams
4398046513468|Zheng Xu
3298534887565|Cam Ho
3298534884070|Vichara Sihanouk
4398046515246|Imtiaz Khan
3298534886870|Jack Johnson
4398046513718|Bichang Zhang
3298534886592|Yang Zhang
3298534884503|Bobby Sotto
4398046512935|Francisco Abascal
2199023257459|Dzumafo Herman Ako
4398046511263|David Alonso
3298534887819|Emil Giacometti
4398046515853|Abdoulatifou Ravalomanana
3298534887703|Chau Loan
4398046513733|Mark Smith
3298534885661|James Smith
4398046511956|Karim Akhmadiyeva
4398046515233|Jean van de Kazadi
4398046512803|Hiroshi Yamada
3298534883781|Peng Cao
4398046513557|Chen Yang
4398046514344|Abdel Abdeslam
3298534885952|Yang Wang
3298534886722|Maxim Avrukh
4398046511334|Dặng Dinh Hoang
4398046511221|Tom Cauvin
3298534884351|Albaye Papa Senghor
4398046514014|Yang Li
4398046511783|Zhang Wei
4398046514934|Anand Paphunga
4398046515121|Aburizal Anwar
4398046512709|Lei Li
4398046514506|Jose Bravo
4398046515743|Igor Feltsman
3298534887902|Ning Wei
3298534885203|Cam Nguyen
3298534884945|Nikki Reyes
3298534885772|Jie Zhang
4398046516081|Michael Young
4398046514833|Ai Wang
4398046515454|Ah-Joong Kim
4398046514679|Yang Wu
4398046513040|Chen Chen
4398046511305|Anna Kofler
4398046513952|Eva Filipensky
3298534884167|Isabel Perez
3298534883797|Eve-Mary Thai Pham
4398046515307|Eddie Aquino
4398046515430|Jerzy Borchardt
4398046513783|Cheng Wu
4398046515774|Batong Tran
4398046512887|Ching Nguyen
3298534886272|Bingbing Li
4398046514138|Dany Bona
4398046514890|Bohuslav Kerndlova
4398046512242|Antonio Ojeda
4398046513507|Karl Becker
4398046511896|Peng Zhang
4398046514571|Lei Wang
4398046516057|John Chen
4398046516007|Ali Ferrer
4398046512564|Yang Zhang
4398046515421|Francois Chau
4398046511363|Muhammad Amjad
2199023260390|Chen Zhang
4398046514874|Antonio Santos
4398046514191|Ángel Agudelo
4398046512575|Hao Li
4398046513192|Ibrahim Bare Lambo
4398046514187|Abdul Hameed Khan
4398046515990|Ben Zhang
4398046514257|Li Li
4398046515657|Vicente Martinez
4398046513536|Zakhele Simelane
3298534884706|Hao Li
4398046515193|Sumi Bajracharya
3298534887425|Anucha Charoenpura
4398046514096|Nirina Tsiranana
4398046515614|Babar Amjad
4398046514630|Chen Li
4398046513484|Muhammad Hussain
4398046511530|Isabel Reyes
4398046513650|Zheng Zhang
4398046514724|Michael Chen
4398046512551|James Williams
4398046514146|Fekri Al Yeshayahu
4398046513583|Jun Yang
3298534884722|Zheng Li
3631|Yang Hu
4398046514456|Bingbing Zhang
4398046511685|Jorge Rodriguez
4398046513602|Sombat Arthakornsiripho
4398046515525|Jie Wang
4398046515651|Ina Barbu
4398046513516|Bichang Zhang
4398046514305|Igor Berman
3298534888127|Alexandre Song Baudry
4398046512435|Aad De Jong
4398046513403|Chen Li
4398046514446|Antonio Cardenas
4398046515782|Fritz Fischer
4398046511341|Hao Wang
4398046514981|Ivan Khmelnytsky
3298534885394|Mohamed El Abdy
4398046513567|Ricky Cruz
4398046514590|Francisco Pinto
4398046514201|Dan Juric
4398046512111|John Murphy
4398046511265|Lin Zhang
4398046515063|Francis Aquino
4398046513846|Li Li
4398046513760|Wei Liu
4398046511871|Abdessamad Vanunu
4398046514027|Peng Li
4398046512418|Abdul Haris Adianto
4398046511564|Franz Muller
4398046513624|Kittipol Wattansin
4398046514729|Chen Li
4398046515640|Carl Andersson
4398046511624|Abraham Jacob van der Berg
4398046512530|Bingjian Zhang
4398046514424|Wei Li
4398046512780|Yang Yang
4398046512456|Cunxin Xu
4398046511319|Ganesh Bombo
4398046512003|Levy Patrick Latham
4398046512187|Collins Omondi Ouma
4398046511834|Michael Xu
4398046514489|Michael Jones
4398046511891|Alvaro Araujo Castro
4398046515831|Cesar Diaz
4398046513732|Jim Johnson
4398046515796|Richa Kibona
4398046512366|Carlos Parra
4398046511543|Alfred Sorongo Leakey
3298534887841|Hans Muller
4398046513232|Abdoulaye Khouma Sall
4398046515549|Antti Lehtinen
4398046514306|Anson Zhang
4398046513606|Aama Bajracharya
4398046511345|Kurt Becker
4398046515200|Chengying Zhang
4398046515495|Jie Wang
4398046511331|Jun Chen
4398046515956|Hector Hugh Michie
4398046515146|Jim Smith
4398046514999|Jun Suzuki
4398046515398|Yang Liu
4398046515989|Hao Liu
4398046513654|Carlos Silva
4398046515811|Wei Chen
4398046512415|Alberto Alva
4398046511537|Batong Do
4398046511470|Abdul-Malik Binalshibh
4398046511282|Abby Hassan
4398046512133|Jack Evans
4398046511661|Chen Zhang
4398046512402|Javed Khan
4398046514040|Alejandro Garcia
4398046513455|Abderraouf Aouadhi
4398046511913|Walter Becker
4398046513085|Hao Li
4398046515039|Zaenal Gallagher
4398046515227|Peng He
4398046513138|Jun Yan
4398046513655|Ai Li
4398046511990|Bingbing Zhang
4398046511824|Hao Zhu
4398046514499|James Wilson
4398046514317|Zhong Zhu
4398046515174|Juan Bernal
4398046515832|Hao Liu
4398046515132|Albert Jong
4398046515003|Yang Liu
4398046515087|Férid Aouadhi
4398046512793|Zheng Liu
4398046515489|Bing Zhang
4398046514412|Hamani Abouba
4398046514426|Axelle Atem
4398046514892|Jacqueline Do
4398046512509|Gordon Calvert
4398046511866|Jie Yang
4398046514001|Anna Andersson
4398046513315|Bing Wang
4398046512799|Faisal Malik
4398046511561|Eugenia Popov
4398046513294|Tony Rodriguez
4398046516097|Michael Brown
4398046511859|Bingyi Liu
4398046514327|Victor Lee
4398046515036|Aisam-Ul-Haq Ahmed
4398046513630|Baoping Liu
4398046513645|Kurt Schmidt
4398046512789|Bingyi Li
4398046511288|Don Ho
4398046515084|Diego Gonzalez
4398046514565|Ion Popescu
4398046515534|Enrique Nadal
4398046512457|Boris Golovin
4398046514044|Hồ Mạnh Dũng Hai
4398046513619|Li Yu
4398046514127|Giuseppe Rossi
4398046514700|Mahmoud Hassan
4398046512815|Alexandre Condariuc
4398046511623|Zhi Wang
4398046511805|Mee Vang
4398046515668|Wei Zhu
4398046513579|Mark Dunne
4398046511308|Hermann Schmidt
4398046511507|Chen Wang
4398046513233|Jie Zhang
4398046512130|Anh Ha
4398046513705|A. Mohede
4398046513250|Wei Zhou
4398046512910|Francisco Mendez
4398046513428|David Jones
4398046514019|Batong Duyet
4398046511660|Zheng Xu
4398046512389|Changpeng Liu
4398046515459|Yossi Tal
4398046511645|Aa Ngurah Budjana
4398046511306|Seung-Won Choi
4398046515982|Kurt Herrmann
4398046512987|Carlos Castillo
4398046515111|Hao Li
4398046514184|Andrea Rossi
4398046515234|Chokri Aouadhi
4398046511879|Ai Wang
4398046512747|Evangelos Dionysiou
4398046514302|Jose Pereira
4398046513951|Sofiane Alcazar
4398046511388|Jack Ellis
4398046512039|Chipo Chung
4398046515829|Jharana Gurung
4398046515301|Wei Zhang
4398046513087|Hiroshi Matsudaira
4398046513604|Chengying Xu
4398046514754|Asim Malik
4398046513970|Eve-Mary Thai Hoang
4398046513286|Chi Zhou
2199023260029|Abdullah Hassan
4398046513262|Cam Nguyen
4398046512954|Paul Williams
4398046514448|Li Zhu
4398046511478|Ricardo Alves
4398046512029|Juan Carlos Alvarez
4398046513571|Ivan Popov
4398046514174|Leroy Halirou Bembo-Leta
4398046511930|Carlos Costa
4398046513726|Chen Chen
4398046514888|Nikki Garcia
4398046514388|Adam Żuławski
4398046512446|Konstantinos Angello
4398046514408|Eddie Garcia
4398046513390|Gamini Bandaranaike
4398046513632|Evgeny Basov
4398046514183|Jorge Garcia
4398046513780|Yang Zhang
4398046513533|Ruben Alonso
4398046512192|Hồ Chí Loan
4398046511680|Joseph Linchuk
4398046512095|Lei Zhang
4398046513717|Ge Chen
4398046515500|Ge Wang
4398046512886|Cam Phan
5497558141647|Narong Paphunga
5497558139690|Wei Liu
4398046511186|Alexei Codreanu
4398046514202|Benedict Yan
5497558140719|Jun Wu
4398046512473|Heinrich Herrmann
5497558142711|Hideyuki Yamamoto
5497558139411|Karl Muller
5497558139686|Alexander Aflalo
4398046512634|Chen Liu
5497558141453|Dilnaz Aab
4398046512947|Steve Adams
5497558143410|Ismail Aziz
4398046515579|Daisuke Sato
5497558141057|Jie Wei
5497558141840|Bich Phuong Tran
5497558141808|Michael Li
5497558142381|Aleksandr Basov
5497558140705|Lin Li
4398046512985|John Watson
5497558140093|Paolo Colombo
5497558139002|Ning Li
5497558140851|William Williams
4398046512781|Alfonso Rodriguez
4398046511264|Aurora Cruz
5497558142592|Leonid Foxx
4398046513831|Max Eis
5497558142848|Anson Chen
5497558140739|Luis Alonso
4398046515548|Hossein Mirza
5497558142769|Francis Reyes
5497558140313|Barry Wang
5497558140045|Ken Kato
5497558139905|Anna Gilels
5497558139115|Aburizal Budjana
5497558142288|Chen Wei
5497558141990|Diego Gonzalez
5497558141833|Ad Vries
5497558142607|Jie Wang
5497558142058|Jose Santos
5497558143180|Zakhele Dumezweni
5497558142878|Yang Wang
5497558140096|Taufik Budjana
5497558140195|Alexei Barbu
5497558140356|Zbigniew Kaczmarek
5497558142802|Artur Novikov
5497558139470|Abdul Aman
5497558140100|Paulo Costa
5497558140716|Jie Zhang
5497558143158|Walter Becker
5497558143116|Eugenio Santos
5497558140392|Koji Kato
5497558142291|Ivan Dobrunov
5497558142180|Sam Wu
5497558142684|George Campbell
5497558142428|Yang Yang
4398046514401|Arturo Rodriguez
4398046511717|Eduardo Alvarez
5497558141239|Cheng Li
5497558140792|Yang Li
4398046515580|Sarath Perera
5497558139348|Kittipol Bua
5497558143404|Zhi Chen
5497558142723|Sergio Rodriguez
5497558143555|Wei Zhu
5497558140086|Robert Jones
4398046511885|Joan Martinez
5497558141486|Chen Wang
5497558143842|Vicente Cruz
4398046514200|George Carr
5497558141712|Salma Khan
5497558139955|Dawei Chen
5497558139354|Li Yan
5497558141181|Michael Zhang
5497558142831|Zhi Zhang
5497558140641|Chen Zhu
4398046513774|Peng Wang
5497558140712|Chen Xu
5497558140659|Zheng Wang
5497558143480|Bing Zhang
5497558140312|Chen Chen
5497558141613|Asha-Rose Mtengeti Adjaye
5497558139747|P. Perera
5497558140101|Chen Li
5497558141683|Yang Huang
5497558140393|Cesar Ha
3298534887001|Jose Trinidad Guardiola
5497558140287|Lukwesa Kalaba
5497558142992|Jun Wang
5497558141391|Tom Nys
5497558140213|Diem Nguyen
5497558139440|Michel David
5497558140572|Mohammad Reza Forouhar
5497558140347|Ning Yang
5497558142426|Alexei Ivanov
5497558140448|Ian Smith
5497558139850|Zhong Yang
5497558143785|Zheng Chen
5497558139262|Geremi Sorele Njitap Anderson
5497558140740|Anson Zhang
5497558141281|Hao Zhang
5497558143553|Dian Balawan
5497558140966|Rudolf Fischer
5497558142273|Bill Smith
5497558142997|Adam Taylor
5497558143668|John Campbell
5497558141236|Hakan Simsek
5497558139420|Jie Li
5497558140900|Cy Moua
5497558139916|Kenji Sakai
5497558141054|Gisela Aguirre
5497558140669|Aleksandr Ivanov
5497558143784|Eduardo Bravo
5497558139674|Michael Zheng
5497558140032|Mischa Ivanov
5497558140912|Gabriel Rodriguez
5497558143551|Eve-Mary Thai Nguyen
5497558141707|Chen Liu
5497558140160|Jun Yamada
5497558140035|Benedict Zhang
5497558140238|Hermann Becker
5497558140611|Ouwo Moussa Maazou
5497558140418|Ge Zhang
5497558142327|Hao Xu
5497558142624|Walter Wagner
4398046514267|Abdul Ghani Amin
5497558141375|Taufik Irama
5497558141072|Karl Becker
5497558139588|Anders Andersson
5497558141122|Carlos Silva
5497558140793|Cleopa Faulds
5497558139388|Keith Habshush
5497558138908|Hans Johansson
5497558142913|Evgeny Popov
2199023255844|Ahmad Shah Aman
1184|Pablo Sanchez
5497558139356|Bing Liu
5497558139401|Ebrahim Forouhar
5497558142554|Babar Hussain
5497558139027|Anson Zhang
5497558139358|Andrei Makarova
5497558141850|Prakash Karat
5497558141566|Wendy Nariman
5497558141086|Peng Xu
5497558142921|Fekri Al Gillett
5497558141958|Richard Roberts
5497558142368|Li Yang
5497558142348|Ehsan Aman Khan
5497558139412|Paul Becker
5497558141276|Charyl Aguirre
5497558139304|Li Wang
5497558141167|Ramon Garcia
5497558140581|Gregorio Cajes
5497558141847|Fernanda Oliveira
5497558141497|Michael Evans
5497558142115|Pedro Gonzalez
5497558141156|Fabio Nascimento
5497558143844|Ahsan Ali
5497558142329|Abdou Diouf
5497558140407|Daisuke Suzuki
5497558139877|Li Wang
5497558138940|Paul Becker
5497558139573|David Smith
5497558143717|Yahya Ould Ahmed El Mbare
5497558143369|Patrick Tchami
5497558141546|Koji Suzuki
5497558140245|Geremi Sorele Njitap Ako
5497558142174|John Dube
5497558141992|Boris Feltsman
5497558140797|Jie Yang
5497558139919|Jie Wang
5497558142958|David Abdalas
5497558139379|Chen Zhang
5497558143269|A Dissanayake
5497558142016|Aama Basnet
5497558141654|Baoping Li
5497558139473|Otto Muller
5497558141974|Abdul Rahman Budjana
5497558142168|Chen Li
5497558141611|Yang Yang
5497558143779|Aa Ngurah Irama
5497558139767|Ali Kountche
5497558142494|Jun Li
5497558142395|Wei Liu
5497558141717|Bingbing Liu
5497558139044|Otto Muller
5497558140953|Abdul Haris Tobing
5497558141592|Patricia Moreno
5497558140279|Richard Brown
5497558140766|James Brown
5497558142844|Ivan Golovin
5497558140510|Li Chen
5497558141724|Mazor Bahaina
4398046511437|Georgios Angello
5497558140943|Alexei Ivanov
5497558138885|Eric Mettacara
5497558139772|Bing Li
5497558142776|Shahla Zaland 0 Qaderi
5497558141532|Angelo Collinson
5497558142061|Takeshi Yamada
5497558143760|Chen Wang
5497558138966|Alejandro Rodriguez
5497558140264|Nirina Roindefo
5497558140403|Victor Hassan
5497558140621|Cheng Li
5497558139556|Sergio Alvarez
5497558139406|Wei Liu
5497558142961|Jetsada Boy
5497558142159|Pablo Fernandez
5497558141053|Gary Miller
5497558139344|Alejandro Castillo
5497558140642|Marcelo Silva
5497558140749|Yang Chen
5497558140507|Carlos Amenábar
5497558142875|Jie Yang
5497558141137|Zakari Kountche
5497558140707|Hsin Lin
5497558143806|Feliks Zalewski
5497558143786|Zoltan Kiss
5497558140159|Muhammad Gallagher
5497558142837|Antonio Aguirre
5497558142615|Apantree Amarttayakul
5497558142397|Bing Wei
5497558142982|Jun Wang
3298534883542|Adisak Charoenpura
5497558140777|Kris Garcia
5497558143118|Hassan Kamkar
5497558141998|Antonio Castro
5497558143215|Li Wang
5497558141917|Jun Xu
5497558139384|Bing Yang
5497558139994|Peng Chen
5497558142325|Changpeng Liu
5497558143824|Zhang Wei
5497558143665|Andrew Fox
5497558139993|Jesus Mendez
5497558142539|Krzysztof Kowalski
5497558143398|Jie Zhang
5497558141843|Hao Yang
5497558142773|Mathieu Bembo-Leta
5497558142672|Bing Zhang
5497558142641|Babar Ahmed
5497558142262|Chuan Yang
5497558140825|Manuel Gonzalez
5497558139532|Hsin Chiang
5497558139153|Kamel Belaid
5497558140146|Michael Yang
5497558140469|Pope Gamal
4189|Jose Lopez
5497558141123|Wei Li
5497558140684|Bartosz Żuławski
5497558142645|Wei Yang
6597069770004|Antonio Reyes
5497558142315|Chuan Zhang
6597069769966|Abdul Hay Zaland
5497558143506|Walter Bauer
6597069766783|Akira Yamamoto
5497558139233|Zheng Zhu
5497558141007|Lei Yang
5497558140126|Wei Zhang
6597069767623|Isabel Fernandez
6597069770658|Alexander Hleb
5497558139427|Mario Santos
6597069766950|Lin Zhang
6597069766676|Yahya Ould Ahmed El Abdallahi
5497558142788|Peter Cooper
6597069769061|Aska Cheng
6597069771330|Igor Balantic
5497558141139|Kittipol Aguilar
6597069768800|Bing Xu
6597069768969|Hamani Diori
6597069767764|Aleksandr Linchuk
6597069766879|Lei Zhang
6597069770822|Anucha Charoenpura
6597069769047|Bruce Hofmeyr
6597069768260|Anna Shevchenko
6597069770082|Carlos Gonzalez
5497558142603|Jun Xu
5497558143515|Rene Damme
6597069769450|Ken Suzuki
6597069768358|Cam Phan
6597069770536|Ahmed Mubarak Obaid Al-Habsi
5497558141806|Yang Liu
5497558139756|Dimitris Antoniou
5497558139745|Carl Lederer
5497558141798|Yang Zhao
6597069770849|Yang Liu
6597069770405|Jun Yang
6597069770761|Ken Kobayashi
6597069767487|Wei Zhang
5497558141948|Abdul Haris Anwar
6597069768790|Chen Li
5497558139989|Mohamed Ferrer
6597069771477|Bing Chen
6597069771215|Jose Carvalho
6597069767676|Jun Yang
6597069769654|Richa Adhia
6597069766844|Otto Becker
6597069768596|Bingbing Li
6597069770918|Batong Dang
6597069767864|Rafael Santos
6597069770816|Chen Zhang
6597069769363|Said Suwailim Al-Shoon
6597069771059|Yang He
6597069769044|Seung-Won Yang
6597069768028|Akashambatwa Kalaba
6597069768887|Fernando Aravena
6597069769899|Andreina Perez
6597069769585|Daouda Malam Diori
6597069770972|Carlos Rodriguez
6597069768282|Eugen Bajt
6597069769841|Ahmed Mahmoud
6597069769145|Henri Aa
5497558139330|Billinjer C Nguyen
6597069768271|Takeshi Sato
4398046515648|Gerry Bell
5497558139343|Guy Akongo
6597069768068|Zheng Zhang
6597069771098|Ken Sato
6597069769814|Robert Wilson
6597069768074|Roberto Parra
6597069770652|Kate Smith
6597069769598|Alfred Mol
5497558139616|Claude Tsiranana
6597069769314|Yang Li
5497558142590|Yusuke Yamamoto
6597069768433|Carlos Amador
6597069769474|John Anderson
6597069768976|Isabel Diaz
6597069767505|Eugene Moke Motsuri
6597069769751|Barbara Kanam
5497558141713|Chen Zhou
6597069770874|Mikhail Efimkin
6597069771655|Alexey Popov
6597069770352|Ivan Ignatyevich Hleb
6597069767328|Annemarie Bos
6597069769188|Wei Li
6597069766675|Jimmy Burak
6597069766877|Li Zhang
5497558143030|Abdala Ba
6597069769845|Yang Zhang
6597069767136|Francis Garcia
6597069766933|Ahmad Mahmoud
6597069771653|Jose Martins
6597069771283|Yang Zhang
6597069771056|Wendy Goenka
6597069770354|Chen Chen
6597069766997|Li Li
6597069767498|Zhang Zhang
6597069769934|Nikki Fernandez
6597069767698|Pavel Dryml
6597069769453|Gamini Herath
6597069767256|Martin Muller
6597069771039|Dith Chau
6597069768012|Ion Popescu
6597069766849|Li Zhang
5497558139645|Zhang Zhu
6597069770969|Jun Liu
6597069768715|Esti Bahaina
6597069768657|Evgeny Ivanov
6597069768662|Martin Müller
6597069767614|Yang Wang
6597069771115|Wu Hongjin He
6597069768147|James Fulton
6597069767486|Chen Liu
6597069766777|Taras Kofler
6597069767535|Yang Chen
6597069766804|Chen Yang
6597069767611|Asha-Rose Mtengeti Chung
6597069767968|Ai Xu
6597069767529|Tomi Blomqvist
6597069769901|Alec Wu
6597069767069|Ali Koksal
6597069771539|Marcelo Souza
6597069766735|Jose Pereira
6597069770864|Jun Yang
6597069767420|Emperor of Brazil Nascimento
6597069769405|Hector Hugh Karat
5497558143586|Henrique Ferreira
6597069766962|Yang Zhang
6597069767485|Asha-Rose Mtengeti Bomani
6597069766813|Jun Chen
6597069769102|Hideo Yamada
6597069767726|A. Budjana
6597069767892|Bing Zheng
4860|Bill Wilson
6597069769411|Ashin Raghu
6597069766867|Georgios Angello
6597069770453|Lauri Lampi
6597069768855|Ales Alex
6597069767774|Cheng Yang
6597069770920|Carlos Alves
6597069769050|Cheng Xu
6597069771495|Lin Wu
6597069769274|Eve-Mary Thai Hoang
6597069768326|Rafael Alves
6597069771471|Li Wang
6597069766776|Adriaen Jong
6597069766918|Benhalima Ferrer
6597069766826|Ana Paula Silva
6597069771335|David Brown
6597069767829|Alexei Popov
6597069770743|Li Zhang
6597069770513|Jozef Bacsó
6597069771412|Alexandre Antunes
6597069768794|Christopher Jones
6597069766771|Chen Wang
6597069771146|Fabio Donati
6597069770660|Aleksandr Russia
6597069767996|Rodrigo Alves
6597069769303|Jan Martens
6597069769041|Cesar Santos
6597069771472|Edward Khaki
6597069768762|Imran Ahsan
6597069768369|Yang Zhang
6597069767573|Rainford Tembo
6597069769130|Alexander Dobrunov
6597069766932|Nicolas Blanc
6597069771157|Eduardo Garcia
6597069771222|Taufik Budjana
6597069768631|Hans Becker
6597069769122|Hermann Korner
6597069767684|Bohuslav Herzigová
6597069771446|Cam Tran
6597069767271|Jie Xu
6597069767720|Li Li
6597069769794|Abdul Wahid Amin
6597069768946|Eduardo Mendez
6597069770402|Batong Nguyen
6597069767253|Hao Zhu
6597069770625|Bichang Li
6597069770512|Ning Zhang
6597069767128|Yang Zhang
6597069769548|Bing Yan
6597069767194|Dovid Linchuk
6597069769380|Zheng Gao
6597069771386|Peng Xu
6597069767728|Carey Nyambe Mulenga
6597069766928|Anson Liu
6597069771488|Anh Do
6597069769222|Li Wu
6597069767578|Bing Liu
6597069769801|Zeljko Avsenik
6597069767101|Ahmad Mirza
6597069769004|Li Zhang
6597069768436|Antonio Ferro
6597069771463|Crown Prince Bajracharya
6597069769339|Francisco Bravo
6597069771402|Pierre Adam
6597069768434|Rafael Silva
6597069769782|Peng Li
6597069769650|Hamani Kountche
6597069769277|Li Hu
6597069769863|Ge Li
6597069769245|Mark Taylor
6597069769763|Arturo Abascal
6597069766688|Miguel Gonzalez
6597069770610|Fritz Bach
6597069771524|Zhang Wei
6597069770731|Jack Johnson
6597069770159|Aitzaz Ali
6597069768912|Vichara Sovath
6597069770902|Abdoulaye Keita
6597069769957|Arturo Mendez
6597069768787|Yang Zhang
5497558141098|Denis Ivanov
6597069766992|Jun Wang
6597069769732|Yang Zhu
6597069770710|James Kennedy
6597069770355|James Jones
6597069766664|Djelaludin Zaland
6597069768376|Ivan Popov
6597069768257|Volodymyr Kofler
6597069770189|Antonio Martins
6597069771595|Arturo Abascal
6597069770749|Narong Amornkiat
6597069769963|Yang Yang
6597069769240|Ahmad Karimi
6597069771284|Lei Wei
6597069769438|Francis Doe Konwlo
6597069768471|Bing Yang
6597069769441|Marguerite Aly
6597069770185|Adel Hassan
6597069767161|Salma Ahmed
6597069769178|Esti Mamo Mamo
6597069770494|Edward Hinkle
6597069770450|Johan Johnson
6597069766837|Zdenek Herzigová
6597069769219|Emile Bona
6597069769702|Hao Zhang
6597069770840|Jim Roberts
6597069767178|Hao Zhang
6597069771437|Rafael Aghdamski
6597069769407|Gordon Calvert
6597069770479|Manuel Gonzalez
6597069770246|Rafael Alvarez
6597069768918|Chris Michie
6597069770138|Marwan Abdullah
6597069768065|Marcel Haddou
6597069770278|Wilson Betancourt
6597069767795|Jose Martinez
6597069768180|Ana Rodriguez
6597069768766|Ayesha Sheikh
6597069770532|Lei Li
6597069768371|Cesar Pham
6597069769422|Agustiar Anwar
6597069770645|Wendy Merton
5497558142749|Lei Liu
6597069766784|Zheng Li
6597069767913|Abdul-Malik Hamdan
6597069768197|Babar Malik
6597069767114|Carlos Santos
6597069771159|Bingjian Liu
7696581399179|Andry Muni
7696581398283|Hoang Yen Thanh
6597069769323|Carlos Silva
7696581396630|Michael Smith
6597069769949|Ester Lederer
6597069768259|Jun Zhang
7696581397176|Hamani Abouba
7696581399078|Anthony Jasani
7696581399118|Karl Becker
7696581395630|Kamal Gauchan
6597069771212|Chen Zhang
6597069767601|Emperor of Brazil Machado
7696581397456|Tony Taylor
7696581399249|Andrey Bajt
6597069768160|Abdul Rahim Araa
7696581395664|Tom Brown
7696581397465|Yisrael Binalshibh
7696581395128|Li Zhou
6597069769675|Joan Aguirre
6597069771404|Enrique Rodriguez
6597069767937|Chen Zhang
7696581394772|Ben Zhang
7696581395551|Jie Zhu
7696581397192|Jan Murray
7696581398548|Evgeny Aleksandrov
7696581394917|Mehmet Tekin
6597069769697|Jie Li
7696581398227|Ahmad Rafiq Balawan
7696581398020|Anson Wang
2199023257878|Andrea Castelli
6597069768095|Bingbing Li
7696581396479|Yang Wu
6597069769805|Ali Kountche
7696581398027|Bich Phuong Hai
7696581398959|Peng Zhao
7696581399400|Ad Jong
7696581397749|Alberto Gonzalez
7696581395968|Jose Costa
7696581398878|Bekhan Aab
7696581394842|Juliana Silva
6597069770296|Gamini Perera
7696581394914|Mike Jones
6597069771535|Imran Butt
7696581398926|Lawrence Cheng
7696581399165|Eva Toth
6597069771486|Hao Zhao
2186|David Alonso
7696581398899|Jonathan Carr
7696581398278|Aamer Ali
7696581396923|Ken Sato
7696581398577|Albade Maazou
7696581396006|Christos Angello
7696581396881|Tadeusz Zaleski
7696581396305|Maurice Peeters
3298534884732|Daouda Malam Diori
7696581397841|Hiroshi Suzuki
7696581395082|Bingbing Zhang
7696581398073|Mike Jones
3298534886917|Marcelo Santos
7696581395646|Bibit Rafiq
7696581399383|Ivan Gusev
7696581394796|Ashley Carr
7696581395933|Paul Breton
7696581395789|Pierre Arnaud
7696581395255|Carlos Abarca
7696581398691|Yang Li
7696581398557|John Brown
7696581395521|Baby Liu
7696581396355|Choi Kim
7696581395658|John Tembo
7696581397598|Li Li
7696581394742|Sergio Herrera
7696581394533|Hans Becker
7696581399357|Ai Wei
7696581395560|Bingjian Wang
1099511629450|Gunnar Johansson
7696581398302|Li Liu
7696581394730|S. N. Hall
7696581398182|David Perez
6597069771023|Jun Yang
7696581395555|Đinh Diễm Liên Nguyen
6597069769485|Fernando Gonzalez
7696581396453|Gerhard Becker
7696581395360|Hao Liu
7696581398746|Caroline Costa
7696581396856|Cesar Pham
7696581395267|Yang Chen
7696581399313|Brian Johnson
7696581397718|Jun Chen
7696581398805|Olga Hleb
7696581396853|Andrew Tobing
7696581396488|John Smith
7696581396888|Jun Zhang
1099511632349|Jose Aquino
7696581397713|Luis Reyes
7696581397514|Mathieu Kanam
7696581399417|Li Zhang
7696581398424|Zheng Liu
7696581395974|Wei Yang
7696581395519|Kamal Chedid
7696581394671|Gabriela Rodriguez
7696581394757|Pavel Redl
7696581395314|Mohammad Ali Hosseini
7696581397681|Don Loan
7696581395979|Prince Kobayashi
7696581396400|Leonard Atangana
7696581396794|Juan Garcia
7696581397922|Hermann Eis
7696581394649|Luigi Donati
7696581399252|Cam Hoang
7696581394461|Lei Zhang
7696581394787|Alex Obanda Ngoche
7696581395143|Bich Phuong Nguyen
7696581395418|Howard Nguyen
7696581397137|Li Xu
7696581397594|Mahmoud Akef
7696581395843|Sergio Machado
7696581398685|Patrick Bona
7696581395501|Gheorghe Tanase
7696581396398|Li Chen
7696581398041|Charles Baudry
7696581398001|Toshio Yamada
6597069768964|Esti Mamo Caveda
7696581397121|Djelaludin Amin
7696581394985|Cam Nguyen
7696581396890|Ben Chen
7696581398152|Francesco Donati
7696581395192|Budi Budjana
7696581395172|Cornelis Balawan
7696581396030|Jun Li
7696581397066|Yang Zhang
7696581399086|Alex Obanda Jasani
7696581398168|Chan Shin
7696581395590|Zhang Zhang
7696581396386|Carlos Diaz
7696581398198|Huong Nguyen
7696581399098|Sergio Rodriguez
7696581397760|Giuseppe Bianchi
7696581394969|Ajuma Nasenyana Brar
7696581396572|Charles-Edouard Carey
7696581398111|Eugene Moke Kabila
7696581397838|Yang Zhu
7696581398201|Fritz Engel
7696581398957|Albade Diori
7696581394679|Andrius Dukauskaite
7696581399388|Frank Brown
7696581394978|Boris Basov
7696581394577|Tom Harris
7696581396207|Hao Zhang
7696581395500|Fali Sam Price
7696581398631|Jie Li
7696581395736|Moses Znaimer
7696581395427|Lei Chen
7696581395915|Esti Verghese
7696581396489|Mohamed Aouadhi
7696581396778|Bing Liu
7696581396040|Jose Fernandez
7696581397770|Franz Richter
7696581396989|Lei Yang
7696581398285|Hao Zhu
7696581395264|Richard Jones
7696581396044|Jun Chen
7696581399421|Baoping Wang
7696581394434|Abdul Haris Tobing
7696581395669|Alec Hsu
7696581395383|Chris du Preez
7696581394474|Ali Achiou
7696581394680|Jose Gonzalez
5497558143329|Carlos Alonso
7696581394652|Michel Rothschild
7696581396472|Heinz Becker
7696581396704|Mikhail Basov
7696581397743|Rafael Perez
7696581398854|Dimitris Dionysiou
7696581396369|Celia Rodriguez
7696581398709|Fekri Al Glosca
7696581396395|Taufik Lesmana
7696581398245|Henry Kalaba
7696581395475|Carl Becker
7696581395355|Bakhytzan Aab
7696581395611|Walter Bach
7696581394782|Hamani Lambo
7696581399287|Babar Khan
7696581399126|George Wilson
7696581394658|Chau Ha
7696581394661|Rafael Fernández
7696581396150|Chen Wang
7696581397864|Cam Loan
7696581397805|Lei Liu
7696581397189|Alec Wu
6597069766710|Peng Yang
7696581395966|Kieu Cong Do
7696581399053|Ibrahim Aksu
7696581396986|Michael Garlitsky
7696581397015|Leonid Efimkin
7696581396950|Hao Li
7696581395791|Johan Nilsson
7696581398704|Jun Wu
7696581397460|Luciano Bahaina
7696581396933|Masaki Kato
7696581396648|Jie Yang
7696581395963|Elijah Otieno Ouma
7696581396620|Daria Berman
7696581397984|Li Yang
7696581396968|Donald Goenka
3298534885623|Chen Zhang
7696581399114|Faisal Ali
7696581394433|Evangelos Alkaios
7696581397140|Igor Ivanov
7696581398545|Hao Zhu
7696581397609|Dita Boginskaya
7696581396078|Zheng Yang
7696581397475|Yang Wang
6597069766802|Ahmad Zakii Lee
7696581394644|John Kobzon
7696581397064|Jean-Pierre Omonga
7696581398872|Zheng Wang
7696581397291|Eric Munro
7696581399200|Lajos Kovacs
7696581395223|Bona Pinder Yayumayalolo Collinet
7696581396928|Yasir Malik
7696581394490|Amy Chen
7696581399291|Faisal Khan
7696581396364|Bingbing Xu
7696581397068|Alejandro Gonzalez
7696581397146|Benny Anwar
7696581396754|Stephen Lam
7696581394817|Hao Li
7696581395998|Michael Wei
7696581398588|Deepak Adjaye
7696581395137|Bechir Cardinale
7696581395857|Chen Zhang
7696581399356|Ai Wang
7696581395057|Ad Jong
7696581396322|Bingbing Zhang
7696581395775|David Anderson
7696581395735|Amir Lee
7696581398601|Angel Tzukul
7696581397414|Baoping Zhang
7696581395971|Jaime Rodriguez
7696581398470|Jie Li
7696581397411|Adam Obuya
7696581395582|Carlos Gonzalez
7696581394794|Hossein Kamkar
7696581394479|Tissa Perera
7696581396042|Ning Wang
7696581395182|Adi Cohen
7696581397808|Peng Zhang
7696581397944|Alexey Dmitriyev
2199023257302|Jim Smith
7696581399068|Chau Ha
7696581398315|Abraham Gerima
7696581396767|Alawwe Fernando
7696581398037|Li Xu
7696581395146|Lei Chen
7696581399275|Li Zhang
7696581397216|Victor Codreanu
7696581399297|Taufik Mohede
7696581397135|Agustiar Gallagher
7696581398969|Ion Antonescu
7696581395254|Mihai David
8796093025064|Aamer Ashraf
7696581398533|Tom Williams
7696581395868|Rahim Zaland
8796093025432|Bich Phuong Phan
7696581397991|Yuki Ito
7696581396827|Anura Dissanayake
7696581394520|Chong Zhang
8796093024718|Joao Almeida
8796093026777|Bingyi Xie
7696581397148|Muhammad Mohede
8796093023656|Hoang Yen Pham
7696581394747|Andre Chihab
8796093024203|Alexander Ivanov
7696581397219|Hans Schmidt
7696581396929|Koji Sato
8796093025718|John Evans
8796093025059|Ali Hosseini
8796093024951|Ricky Gonzales
8796093026671|Lei Wei
8796093024890|Ahmad Rafiq Anwar
8796093025465|Piotr Zakrzewski
7696581396183|Tamas Nagy
8796093023964|Walter Becker
7696581394753|Peng Liu
8796093026308|Alexandr Kerndlova
8796093025292|Carlos Roberto Flores
8796093027044|Dimitri Roindefo
7696581399156|Andriy Eduard
8796093024185|Sergio Mendez
7696581399172|Ruth Mamo
8796093026160|Tariq Ahmed
8796093022870|Asher Bahaina
8796093026369|Jun Chen
8796093024871|Jaime Rojas
8796093023152|Hans Hoffmann
8796093025355|Jie Liu
8796093025199|Gerhard Richter
8796093022786|Jie Wang
8796093022885|Aamer Ahmed
7696581398999|Otto Schulz
7696581397319|Ibrahim Arikan
4398046511842|Cam Ha
8796093022735|Carlos Cejas
8796093024925|Babar Ahmed
7696581395228|Wei Zhang
8796093023200|Ayesha Iqbal
8796093025553|Amin Hosseini
8796093024160|John Khan
8796093024644|Ken Sato
8796093022783|Wei Wang
8796093023902|Carlos Fernandez
8796093027066|Eduardo Meza
7696581399304|Steve Miller
8796093023657|Lei Jiang
8796093026641|Wei Yang
8796093026905|Eric Merton
8796093026533|Andrei Popescu
8796093026285|George Anderson
8796093023174|Karl Kurková
8796093023437|John Williams
8796093026985|Asim Amjad
7696581397861|John Jones
8796093025551|Bing Yang
8796093026462|Wei Li
8796093024326|Bo Yang
8796093025111|Peng Li
8796093026658|Takeshi Yamada
8796093024907|Alejandro Alvarez
8796093023162|Jacques David
8796093025375|Fritz Muller
8796093026660|Rene Mertens
7696581399210|Hao Wei
8796093026889|Chun Li
8796093023053|Alois Alex
7696581395097|Jun Li
8796093024900|Alex Obanda Ouma
8796093022877|Abdul Rashid Wong
8796093025110|David Agrest
8796093024688|Rafael Alves
8796093025743|Joe Lee
8796093026934|Aisso Bahaina
8796093027146|Lei Zhou
8796093023768|Bing Chen
7696581395337|Yang Yang
8796093025460|Đinh Diễm Liên Doan
8796093026532|Roberto Pinto
8796093024550|Hoang Yen Duc
8796093026296|Jose Costa
8796093024948|Muhammad Ahmed
8796093026594|Koji Suzuki
8796093026233|Vicente Aquino
8796093025604|Bing Li
8796093023343|Muhammad Ahmed
8796093026505|Lei Zhu
8796093024323|Evgeny Kahnovich
8796093023654|Jie Li
8796093026124|Yang Hu
8796093026227|Pope Ali
8796093024881|Bill Armstrong
8796093023485|Li Wang
8796093025129|Dặng Dinh Ho
8796093024967|Akashambatwa Burak
8796093026384|Antonio Aquino
8796093025955|Boy Aquino
8796093023944|Lei Wu
8796093022251|Chen Li
8796093025335|Abby Wong
8796093023197|Wei Li
8796093023737|Philibert Aly
8796093025038|Am Lee
8796093024668|Jose Alves
8796093026174|Charles Carr
8796093024622|Vanessa Rodriguez
8796093023438|George Jones
8796093026279|Yang Li
8796093022960|Albert Buysse
8796093025635|Andrei Goncearov
8796093022360|Li Zhang
8796093022820|Lin Li
8796093024700|Yang Chen
8796093025119|Paulo Souza
8796093022839|Hans Berg
8796093026858|Lei Zhou
8796093023875|Abdoulaye Khouma Faye
8796093025932|Denis Basov
7696581397620|Yang Zhang
8796093023364|George Smith
8796093024322|Jun Wang
8796093024316|Wei Zhang
8796093025815|Hao Liu
8796093023974|Karl Muller
8796093025130|Annemarie Jong
8796093023595|Radu Antonescu
8796093025605|Alfred Jong
8796093025090|Tom Williams
8796093022343|Li Wang
8796093025490|Ivan Popov
8796093024155|Alexandre Barbu
8796093022616|Ge Zhang
8796093025682|Aafia Baloch
8796093025947|Arif Gallagher
8796093027149|Jun Wang
8796093026971|Zhang Yang
8796093023476|Michael Li
8796093024293|Alberto Bravo
8796093025870|Jun Yamada
8796093026535|Wei Zhang
8796093026435|Ernst Kurková
8796093024812|Ben Xu
8796093024547|Zheng Chen
8796093026327|Bingyi Wang
8796093023375|Nicolae David
8796093027206|Wei Zhang
8796093022217|Alim Guliyev
8796093027177|Miguel Gonzalez
8796093026555|Carlos Araya
8796093024641|Shigeru Kato
8796093024505|Abdel-Fadil Mahmoud
8796093022656|Bingbing Liu
8796093024299|Jorge Araujo Castro
7696581398839|Robert Smith
8796093026242|Mohamed Baya
8796093026980|Bich Phuong Boutteville
8796093026656|Yang Yang
8796093024466|Jose Gonzalez
8796093027110|Peng Yang
8796093025146|Ze Dom Pedro II
8796093023773|Ajuma Nasenyana Ouma
8796093022483|Wei Li
8796093026800|Babu Sherpa Thapa
8796093026053|Anna Kogan
8796093023370|Amrozi Bin Budjana
8796093022866|Li Zhang
8796093025321|Ayesha Malik
8796093025535|Javad Karimi
8796093022324|Yang Li
8796093022600|Cheng Wu
8796093024646|Jorge Gonzalez
8796093026409|Zheng Li
8796093023605|Lin Zhang
8796093025499|George Jones
8796093023531|Lei Zhang
8796093024912|Alexander Popov
8796093026080|Ali Aligator
8796093022524|Chau Ha
8796093023320|Hideo Suzuki
8796093024106|Marc Simon
8796093025836|John Williams
8796093023304|Takeshi Inoue
8796093026838|Alice Hsu
8796093024616|Andre David
8796093026144|Antonio Garcia
8796093025939|Đinh Diễm Liên Pham
8796093022654|Alex Obanda Ngoche
8796093026425|Lei Zhang
8796093025265|Jun Wang
8796093025763|Yang Wei
8796093022657|Jose Garcia
8796093025691|Abderraouf Delanoë
8796093024929|Otto Muller
8796093025578|Hermann Fischer
8796093023072|Vladimir Foxx
8796093025435|Marcio Alves
8796093025847|Robert Williams
8796093024473|Andrea Dam
8796093022649|Jun Li
8796093026040|Abdulwahab Gillett
8796093023584|Ken Kobayashi
8796093022689|Antonio Alvarez
8796093024735|Ai Zhang
8796093022602|Ashin Karat
8796093026995|Peter Fischer
8796093026619|Jun Matsudaira
8796093024085|Jorge Gonzalez
8796093025394|Michael Basov
8796093023021|Mirza Kalich Ahmed
8796093023833|Edmond Allouache
8796093022384|Luigi Bonomi
8796093026519|Rodolfo Alvarez
8796093023688|Wilhelm Engel
8796093022311|Aleksandr Akhmadiyeva
8796093027181|Zydrunas Lukosius
8796093022925|Lei Chen
4398046514363|Scott Williams
8796093026665|Nikolay Dimitrievich Codreanu
8796093024088|Alexandru Iacob
2199023257085|Jack Jones
8796093024828|Daniil Ivanov
8796093024580|Tom Miller
8796093023396|Wilson Pereira
8796093023977|Baruch Bahaina
8796093026348|Vicente Manalo
7696581396338|Robert Brown
3298534883383|Luis Alonso
8796093023126|Andrew Chung
8796093023365|Chen Chen
8796093022888|Boy Santos
8796093022286|Tamas Gabor
8796093022957|Alexandr Iglinsky
8796093027090|Anson Xu
6597069770305|Peng Zhang
8796093025801|Balbhadra Gauchan
8796093025714|Aisso Gerima
8796093023341|Fritz Schmidt
8796093027158|Fritz Muller
8796093022797|Warwick Raymond Akerman
8796093022660|Wei Huang
8796093026317|Emperor of Brazil Filho
8796093026090|Virak Hu
8796093026102|Takeshi Suzuki
8796093024873|Mustafa Sezer
8796093026753|Daniel Aboutaleb
8796093022253|Ali Abouba
8796093026259|Hamani Maazou
7696581397427|Patrick Tchami
8796093026810|Isabel Garcia
8796093024581|Michael Wang
8796093023540|David Stewart
8796093023386|Yang Zhou
8796093026724|Daisuke Nakamura
8796093023817|Abdul Rahman Balawan
8796093024769|Abraham (Bram) Berg
8796093023289|Keisuke Sato
8796093026049|Hao Xu
9895604652993|David Johnson
8796093023957|Wei Liu
8796093027127|Li Liu
9895604650167|Kiyoshi Nakamura
8796093026205|Farrukh Znaimer
8796093026845|Kazuo Matsudaira
8796093025225|Chen Zhang
9895604652537|Antonio Gatchalian
8796093024154|Mario Gonzalez
9895604653773|Abraham Gerima
8796093026680|Ai Li
8796093024638|Jan Lederer
7696581395719|Kamal Koirala
8796093023352|Jose Gonzalez
6597069771297|Aama Shrestha
7696581395328|Ching Loan
9895604650097|Hao Zhang
8796093024184|Lei Yang
9895604651927|Dian Gallagher
9895604653566|Nol Dany
9895604650215|Amjad Islam Ahsan
9895604654186|Mario Martins
8796093023643|Paul Brown
9895604650868|Ge Wang
9895604651535|Hao Wang
9895604651562|Ning Na
9895604651579|Chen Li
9895604650846|Jurgen Bettens
9895604650830|Wei Xu
9895604651470|Marat Kolessov
9895604651370|Linas Mamontovas
9895604650340|Wolfgang Becker
8796093025430|Isabel Aquino
8796093023359|Michael Smith
9895604654279|Aamir Khan
9895604651300|Alexander Eduard
9895604650342|Eduardo Araya
9895604650867|Yang Zhu
9895604654846|Boris Kuzmina
9895604653358|Jie Yang
9895604650175|Kelvin Garcia
8796093023471|Yang Yang
8796093024463|Francisco Santos
8796093022811|Jun Ito
9895604650420|Charlie Huang
9895604653940|Yuki Yamada
9895604654437|Aurora Sotto
9895604654819|Farhad Amin
9895604651268|Narong Boy
9895604650650|Abdul Hameed Sheikh
9895604651805|Patrick Tchami
9895604650812|Leandro Silva
9895604654900|Wei Li
9895604652834|Daisuke Suzuki
9895604650418|Zeki Arikan
9895604651765|Karim Boughedir
8796093025479|Bingbing Liu
9895604652074|Cesar Lopez
9895604652232|Mark Evans
9895604653425|Chen Yang
9895604651521|Henry Smith
9895604653493|Hao Zhang
9895604652071|Anthony Jones
9895604653143|Yang Zhang
9895604652006|Carlos Mendez
9895604651621|Arif Lesmana
9895604653751|Karl Becker
9895604650898|Pedro Oliveira
9895604653587|Paulo Costa
9895604650588|Jun Xu
9895604652661|Patricia Rodriguez
9895604652469|Francisco Sumac
9895604653250|Ivan Ivanov
9895604651616|Hao Zhang
9895604654680|George Tanase
9895604652419|Bibit Balawan
9895604650009|Luigi Colombo
9895604651570|Carlos Santos
9895604653984|Wei Chen
8796093026432|Sergio Santos
9895604652958|Baby Xu
9895604653475|Bingbing Li
9895604652637|Guy Anderson
9895604653125|Bing Yang
9895604654812|Changpeng Chen
9895604651556|Peng Zhang
9895604651849|Dame Dia
9895604653990|Bohuslav Hlavacova
8796093024258|Ahmad Thielsch
9895604651894|Stephen Williams
9895604653115|Takeshi Ito
9895604651137|Giorgos Ioannidis
9895604651154|Lei Zhang
9895604654040|Lei Wei
9895604654667|Eduardo Gonzalez
9895604652925|Asim Ahmed
9895604651169|Bingbing Zheng
9895604651390|Francis Santos
8796093025739|Bo Zhang
9895604650084|Nicolas Diaz
9895604652852|Kostas Rouvas
9895604653421|Chau Ho
9895604650611|Muhammad Khan
9895604653149|Zhang Yang
9895604649984|Yang Li
9895604653331|Chutima Wattansin
7696581397437|Adem Arikan
9895604654797|Aleksandr Iglinsky
9895604652968|Bing Zhang
9895604652536|Billinjer C Do
9895604651255|Lei Li
9895604654050|Abdul Rashid Zaland
9895604650036|Akira Yamamoto
9895604653217|Akira Inoue
9895604653667|Yang Xu
9895604650333|Bertin Bona
9895604650624|Antonio Alvarez
9895604654165|Chen Hu
9895604653596|Ludwig Fischer
9895604653932|Zhang Zhang
9895604651070|Ana Alves
9895604654632|Édouard Kitoko
9895604654483|Lei Wang
9895604651692|Hao Yang
9895604650495|Hao Wang
9895604653996|Jie Wang
9895604654021|Leandro Silva
9895604652799|Erik Persson
9895604651680|Yang Li
9895604651348|Arturo Velázquez
9895604653032|Yang Wu
9895604652342|Michael Chen
9895604653221|Howard Do
9895604654371|Akira Suzuki
9895604650787|Wei Wei
9895604652826|Paul Haddou
9895604652942|Abdul Jamil Malik
9895604653347|Hao Zhou
9895604654624|Shahla Zaland 0 Zaland
9895604650000|Jan Zakrzewski
9895604650595|Witold Kowalski
9895604654830|John Fox
9895604653977|Chen Li
9895604652615|Tariq Hussain
9895604650809|Binh Nguyen
9895604653145|Chen Liu
9895604653507|George Nagy
9895604653648|Abby Hassan
9895604651694|George Fampas
9895604652052|Ivan Ivanov
9895604652845|Ben Zhu
9895604652629|Karl Korner
9895604650847|Ilias Fampas
9895604653077|Kittipol Arthakornsiripho
9895604651491|Chen Xu
9895604651796|Sonny Eri
9895604652393|John Smith
9895604651006|Jun Zhang
9895604650647|Zhi Zhang
9895604652508|Lei Zhu
9895604653040|Jibriel Denewade Omonga Nimba
8796093023683|Anand Wattansin
9895604653349|Morteza Ali
9895604650479|Wei Zhu
9895604653154|Wei Li
9895604654716|Hector Hugh Steele-Perkins
9895604654486|Peter Merton
9895604654446|Paul Fayed
9895604653486|Nikki Cruz
9895604652329|Antonio Aquino
9895604653497|Jean Arnaud
9895604652452|Walter Muller
9895604654239|Chen Chen
9895604651828|Miriam Adhia
9895604651479|Ernst Lederer
9895604652988|Ibrahima Dia
9895604651148|Arturo Contreras
9895604652551|Yang Yang
9895604651899|Lei Wang
9895604651559|Arap Ouma
9895604650890|Marguerite Tsiranana
9895604653242|Boy Aquino
9895604651807|Joe Jones
9895604652957|Cheng Zhang
9895604652395|Muhammad Iqbal
9895604654138|Zhang Yang
9895604653453|Alfonso Cardenas
9895604653913|Huu Loan
9895604652025|Leo González
9895604652496|Ashley Hassan
9895604653915|Yang Zhang
9895604650386|Chen He
9895604650421|Robert Boulanger
9895604651538|Wei Wang
9895604654023|Aisam-Ul-Haq Khan
9895604651810|Chris Froome
9895604651997|Wei Wang
9895604651328|Paul Smith
9895604651736|Andrei Antonescu
9895604650520|M Perera
9895604651814|Mohammad Forouhar
1099511630358|Ning Yang
5497558143327|Mahmoud Hassan
9895604651487|James Smith
9895604654454|Isabel Diaz
9895604654067|Abdul Haris Gallagher
9895604651310|Ole Petersen
9895604650672|Francis Aquino
9895604650074|Cam Loan
9895604654028|Eli Chihab
8796093022397|Ge Chen
9895604650037|Babar Khan
9895604653139|Michael Watson
9895604650490|Jacques Van Mau Ha
9895604651039|Anson Wang
9895604650107|Fernando Sumac
9895604654170|Hao Zhao
9895604650169|Carlos Abascal
9895604654361|Ivan Basov
9895604651233|Fekri Al Binalshibh
9895604652441|Boran Chen
9895604654340|Michael Johnson
9895604651825|The Dogg
9895604653904|Zhong Wang
9895604654893|Akira Kobayashi
9895604650020|Yang Liu
9895604652526|William Allen
9895604654701|Patricia Castillo
5497558141600|Matias Martinez
9895604654148|Peng Zhang
9895604651314|Aisso Negga
9895604651118|Sam Wang
9895604651245|Paulo Alves
9895604650002|Neil Murray
9895604650855|Akira Inoue
9895604652560|Lily Haarhoff
9895604650977|Ning Zhang
9895604652209|Barry Chen
9895604651184|Mihai Popescu
9895604650140|Alexander Eduard
9895604652073|Francisco Mendez
9895604650159|Bichang Li
9895604650375|Fritz Schulz
9895604650803|Gisela Sumac
9895604652328|Lily Tembo Kunda
9895604651747|Peng Chen
9895604650523|Chaim Azriel Epstein
9895604654039|Jack Brown
9895604653075|Cleopa Adjaye
9895604651776|Dặng Dinh Ha
9895604650844|Wei Zhang
9895604653406|Carolina Castillo
9895604650755|Yang Li
9895604652179|Samuel Chago
9895604653024|David Dayan
9895604651345|Bingbing Chen
9895604652529|John Miller
9895604653661|Bingbing Zhang
9895604654727|Boran Wang
9895604651608|Michal Kaminski
5497558142517|Wei Zhang
9895604653620|Ning Chen
9895604653341|Alexander Morales
9895604650937|Annemarie Bos
9895604650470|Madhav Koirala
9895604652981|Jun Chen
7696581396713|Sergio Mendez
9895604652207|Hao Huang
9895604653546|Lei Chen
9895604654698|Akira Kato
9895604653834|Chan Shin
9895604652941|Fiona Tan
9895604650791|Paul Brown
9895604650163|Wei Chen
9895604650459|Kirill Golovin
9895604654366|Shahla Zaland 0 Ahmadzai
9895604650206|Ahmed Hussain
9895604654971|Wilson Alves
9895604654895|Jie Li
9895604651993|Alfonso Araujo Castro
9895604653804|Antonio Gonzalez
9895604651512|Zhong Zhou
9895604653289|Baruch Bahaina
9895604654878|Takeshi Sato
9895604654476|Yang Zhang
10995116278737|Bob Choi
10995116279996|George Murray
10995116278722|Jun Zhu
10995116278650|Aa Ngurah Gallagher
9895604654976|Luiz Nascimento
9895604650388|Hermann Becker
10995116281824|Ai Yamamoto
9895604654292|Maria Gilels
9895604654705|Chen Wang
9895604652792|Paulo Santos
9895604651545|Wei Jin
9895604654802|Paul Engel
9895604652548|Chen Wang
9895604650183|Ahsan Baloch
10995116279278|Jun He
10995116281600|Jozsef Kovacs
10995116282383|Tep Hu
10995116278965|Hao Zhu
1099511629511|Larry Salvador
10995116281935|Aamir Qureshi
10995116279938|Yang Li
10995116282203|Giorgos Angello
10995116281139|Chun Liu
10995116279659|Jie Wang
10995116282754|Larry Johnson
9895604654264|Emad Akef
7696581397541|Youssef Abdalas
10995116278090|Bolat Bajt
10995116280633|Binh Do
10995116282473|Min-Jung Kim
10995116279555|Zhi Chen
4398046512762|Yehuda Al-Shorabi
10995116282565|Bing Zhang
10995116279570|Gerhard Müller
10995116280094|Larry Brown
9895604654593|Dith Dara
10995116278703|Victor Antonescu
10995116277826|Jie Li
10995116280013|Tissa Fernando
10995116282215|Sergio Almeida
10995116278460|Lukwesa Dogg
10995116279921|Denis Murray
10995116281444|Koji Sato
9895604652169|Ernest B Goenka
10995116281236|Alphonse Akongo
10995116280075|Dmitry Basov
9895604650499|Faisal Ahmed
10995116280897|Rudolf Richter
10995116281001|Akara Boy
10995116279989|Karl Kerndlova
10995116282029|Ashley Wong
9895604650861|Robert Smith
10995116281514|Chuan Zhang
9895604652257|Dejiang Lin
10995116278227|Laura Mendez
9895604650578|Ahmed Chihab
10995116281813|Almira Barbu
10995116279202|Zheng Zhang
10995116282377|Walter Muller
6597069767754|Emilio Fernandez
10995116279077|Bing Li
10995116281463|Ian Havenga
10995116278034|Roberto Alvarez
9895604650777|Adrian Popescu
10995116280750|Neil Jones
10995116278135|Cam Ho
10995116280659|Ali Akbar Kamkar
10995116282122|Yang Zhang
10995116280331|Abraham Wilby
10995116277890|Miguel Rodriguez
10995116281584|David Baldini
10995116278669|Karl Frank
10995116279319|Jie Yang
10995116279140|Jose Carvalho
10995116279232|Lei Wang
10995116282656|Fritz Richter
10995116281122|Jun Liu
9895604651217|Ahmad Hassan
10995116279187|Ah-Joong Lee
10995116281076|Albade Lo
10995116280048|Faiz Jahani
10995116279222|Jose Bernal
10995116278673|Adam Jasani
9895604652600|Yang Zhang
10995116279087|Abdul Rahman Anwar
10995116281111|Koji Nakamura
10995116277879|Jie Yang
10995116277932|Bruno Oliveira
10995116277926|Chaim Azriel Hleb
10995116282739|Alexei Ivanov
10995116278492|Piers Eri
10995116281652|James Smith
1099511630600|Esti Mamo Dego
10995116278542|George Brown
10995116278258|Jun Wang
10995116280128|Jaime Arbelaez
10995116278716|Adrian Allende
10995116282157|Zhang Liu
10995116279694|Muhammad Gallagher
3298534887414|Abdoulatifou Mangalaza
10995116279721|Ali Kamkar
10995116282140|Babar Khan
10995116280822|Batong Ho
10995116277898|Juan Aquino
10995116280658|Fritz Hoffmann
10995116278947|P. Fernando
10995116282373|Wei Zhang
9895604651637|Muhammad Baloch
10995116281703|Alfredo Martins
10995116280672|Ajuma Nasenyana Obuya
10995116281165|Manisha Bombo
10995116281774|Billo Mota
10995116280910|Leonid Kofler
7696581396772|Baoping Zhang
9895604654320|Li Wei
10995116281244|Javier Perez
10995116282325|Wolfgang Schmidt
10995116279137|David Hughes
10995116280307|Walter Fischer
10995116280740|Chen Wang
10995116278041|Chen Wang
10995116279994|Bingbing Zhang
10995116281124|Yiḥyah Alhouthi
10995116279228|Dado Kesovija
10995116278954|Zaenal Gallagher
10995116277764|Bryn Davies
9895604652973|Adolf Topić Ecclestone
10995116278681|Ida Kawawa
10995116280448|Lei Chen
10995116282099|Asim Baloch
2307|Andrei Berman
10995116280304|Li Zhang
8796093026930|Paul Harris
10995116282372|Carlos Rodriguez
10995116281230|Wei Yang
5497558140781|Per Johansson
10995116278198|Ernest B Law-Yone
10995116280953|William Wilson
10995116278854|Andrey Hleb
10995116281933|Yasir Qureshi
10995116279778|Diem Ho
10995116278776|Sayed Mahmoud
10995116281300|Yaniv Abargil
10995116280113|Jean Berty
10995116279051|Bruna Costa
10995116278406|Michael Liu
10995116280210|Faiz Qaderi
10995116279277|Patrick Atem
10995116281284|Jacqueline Ha
10995116281467|Mircea Ilie
10995116282353|Carlos Fernandez
10995116281338|Ken Moua
10995116279506|Avraham Glazer-Ta'asa
1099511631731|Theodoros Ioannidis
10995116281678|Ana Silva
7696581398002|Boy Santos
10995116279383|Zhang Wang
10995116281020|Baby Wang
10995116282191|Matthew Smith
10995116280320|Kazuo Suzuki
10995116279073|Jose Aquino
10995116280893|Ning Chen
10995116281398|Imran Ahmed
2199023255600|Adje van den Berg Vries
10995116281908|David Adjaye
10995116278768|Wei He
10995116282000|Wei Chen
10995116278180|Jie Li
10995116281773|Abdul-Malik Alhouthi
10995116278621|Abraham Dego
10995116281792|Chen Zhou
10995116279011|Albert Dijkstra
10995116280996|Ali Kountche
10995116279970|Charles Murray
10995116278174|Jie Liu
10995116278861|Jie Li
10995116279660|Eva Redl
10995116279416|Aharon Aouadhi
10995116278129|Yang Lei
10995116278250|Peng Li
6597069766869|Renato Silva
10995116279716|Joao Santos
10995116278882|Yuki Suzuki
10995116280549|Pierre Charpentier
10995116282557|Ali Abouba
10995116278539|Taufik Rafiq
10995116278446|Jack Brown
10995116279337|Aliagha Guliyev
10995116280063|Boris Aubakirov
10995116280004|Carlos Santos
5497558140752|Binh Hoang
10995116278740|Isabel Fernandez
2199023257207|Anson Chen
10995116282067|Zaenal Lesmana
10995116281089|Amber Azami
10995116277867|Abay Ibrahim Kanapyanov
10995116281446|Shabnam Surayyo
10995116279237|Claude Aly
10995116277923|Albert Mahmoud
10995116280531|Alexander Popov
10995116279802|Lin Zhao
10995116282136|Avraham Ben Dhifallah
10995116282264|Jack Williams
3298534883636|Karl Muller
10995116281574|Bich Phuong Loan
10995116278825|Faisal Malik
10995116281673|Lei Yan
10995116280143|Jose Lima
10995116277811|Oleg Bazayev
10995116279729|Cheng Li
10995116279230|Cheng Lu
10995116282475|Carlos Silva
7696581394830|Jacques Ferrer
10995116281651|Chen Lu
10995116279477|Yassine Peretz
10995116279981|Alvaro Gonzalez
10995116278845|Li Hu
10995116280990|Shinji Inoue
10995116280966|Hao Zhang
10995116278748|Yang Wang
10995116278709|Billinjer C Nguyen
10995116278043|Carlos Lopez
10995116278712|Yasir Ahsan
10995116282078|Lei Xie
10995116279122|Chen Zhang
10995116279554|Boran Feng
10995116278890|Lei Li
10995116278074|John Garcia
10995116280266|Karl Richter
10995116281023|Zhang Zhao
10995116277857|Zhi Zhang
10995116280115|Seyni Saibou
10995116279308|Juan Cardenas
10995116279532|Ben Moore
5497558139820|Joseph Anderson
10995116281220|Wei Yang
10995116279733|A. K. Qureshi
10995116280679|Ernst Kurková
10995116282368|Consuelo Rodriguez
10995116280229|Walter Fischer
10995116282633|Antonio Garcia
10995116279131|Jim Smith
10995116278953|Aleksandr Popov
10995116278420|Andrew Adjaye
10995116282436|Evelyn Leakey
10995116282069|Peter Davis
3298534883610|Nirina Simon
2199023259800|Edward Adhia
10995116279690|Dith Chau
10995116282668|Yang Yang
10995116282705|Alejandro Errazuriz
10995116282129|Alexei Goma
10995116281932|Carolina Alvarez
10995116280877|Sharad Bajracharya
8796093025764|Carlo Gonzales
10995116280054|Claudio Cabrera
10995116279143|Wei Zhu
10995116278267|Yacine Abdelli
10995116279528|Carlos Abascal
10995116278584|Marco Agreda
10995116280943|Jun Li
10995116279606|Alain Levy
3298534884247|Ahmed Akef
10995116278381|Hoang Yen Ha
10995116280632|Lin Yang
10995116278731|Michael Zhao
10995116282394|Angel Rojas
10995116280906|Jie Xu
10995116280736|null
10995116279066|Benedict Yang
10995116280429|Abdullah Ak
10995116280514|Lei Wang
10995116280297|Lev Dobrunov
10995116282293|George Smith
10995116277851|Chong Liu
10995116282072|Balbhadra Bajracharya
10995116280724|Zsolt Balog
4417|Daisuke Yamamoto
10995116281022|Keith Alhouthi
10995116281821|Zhi Chen
10995116279534|Ulf Hedman
10995116281669|Jie Wang
10995116280756|Karl Wagner
10995116281326|Ning Zhang
12094627909103|Eugen Basov
12094627908405|Li Yu
12094627907326|Li Li
12094627908999|Marko Balantic
12094627908430|Habib Qaderi Zaland
12094627908052|Anson Wang
12094627907020|Zhi Yang
12094627907038|Lorenzo Sotto
10995116282542|Marcelo Santos
12094627906825|Luis Cruz
12094627907486|Yang Li
12094627906171|Ge Hu
10995116279068|Fernanda Souza
10995116278011|Ion Bologan
12094627907585|Giuseppe Colombo
12094627907219|Paulo Santos
10995116281608|Ramon Sotto
12094627908684|David Baker
10995116279126|Daniel Vasquez
10995116279747|Bing Xu
12094627910406|Yang Zhang
12094627909422|Bruce Calvert
12094627910280|Carlos Melgar
9895604651155|Ning Zhao
12094627907044|Jorge Escobar
10995116281066|Takeshi Takahashi
12094627907564|Amy Azami
12094627907093|Wei Li
12094627910350|Francisco Estefan
12094627909127|Ge Yang
12094627906754|Manuel Alvarez
12094627907751|Jie Zhang
10995116278091|Mohamed Hassan
12094627910519|Mamoon Eshaq 0 Jahani
12094627907988|Ahmad Motamed
10995116280126|Alfredo Cejas
12094627909353|Jun Zhang
10995116282694|Sergio Santos
12094627907354|Cheng Cao
12094627908441|Wei Yang
12094627907692|Bing Wei
5497558143403|Chakrit Boy
10995116280259|Carlos Gonzalez
12094627906828|George Smith
12094627909522|Zhang Li
12094627906838|Guy Tchami
12094627909273|Zhang Chen
9895604653351|Eddie Reyes
12094627906242|Ge Liu
12094627909192|Richard Taylor
12094627909181|Muhammad Khan
12094627909388|Lin Zhu
12094627910188|Sergio Souza
10995116280110|null
12094627908176|Jie Chen
12094627907229|Janos Kovacs
2199023258281|Rudolf Muller
12094627908940|Adamantios Charalabakis
12094627909781|Alexander Jones
12094627906569|Lei Xu
12094627909571|Taufik Anwar
12094627905919|Carlo Manalo
12094627909928|Wei Li
12094627908988|Miriam Alhouthi
12094627910463|Hao Huang
12094627908043|Alfred Jong
12094627907589|Andrijana Madzirov
12094627907071|Takeshi Yamamoto
12094627908475|Lei Zhang
12094627908950|Wouter Nys
12094627906326|Kalu Bembo-Leta
12094627907579|Yang Wang
12094627910297|Li Liu
12094627907496|Antonio Mendez
12094627907266|Anders Karlsson
12094627908469|Yang Zhao
12094627908894|Michel Dubinsky
9895604653488|Yang Zhao
12094627909414|Zhang Yan
12094627910174|Aisso Bahaina
12094627907321|A. Mohede
12094627910071|Baoping Zhang
12094627906511|Djelaludin Jahani
12094627908432|Lars Nielsen
12094627908803|A. Tobing
12094627908733|Eduardo Alvarez
12094627908417|Hans Svensson
12094627905779|Cengiz Yildiz
12094627907645|William Taylor
12094627907620|Antonio Gonzalez
12094627906030|The Kunda
12094627908349|Philippe Verheyen
12094627905698|Sofiane Ferrer
12094627906127|Chris Hall
12094627907911|Wei Yang
12094627909364|Wei Yang
12094627908286|Alexandre Gomes
12094627910524|Li Li
12094627906999|Marko Brajkovič
12094627907360|Lin Chen
10995116281896|Angus Chen
12094627906038|Claudio Pinto
12094627906190|Peter Smith
12094627906910|Ahsan Iqbal
12094627907514|Bacary Niang
10995116280798|Mohamed Mahmoud
12094627905741|Jie Wei
12094627907958|Haim Al-Shorabi
12094627906183|Angel Gerima
12094627910446|Eva Herzigová
1099511627949|Zheng Lei
12094627909802|Li Zhao
12094627905675|Odile Gertze
12094627905718|Abdullah Koksal
12094627907103|Alyaksey Akhiezer
12094627908902|Andrey Agrest
12094627909138|Richard Aquino
5497558141157|Yang Yang
12094627905776|Javed Chohan
12094627908594|Andrea Bianchi
12094627906690|Jie Wu
12094627906386|null
12094627907659|Jorge Gonzalez
12094627909508|Yang Lei
12094627909588|Isabel Reyes
6597069769337|Jie Cao
12094627910201|Monja Muni
12094627907981|Farhad Nasher Zaland
12094627909365|Wilson Alves
7696581396414|Abdul Rahim Qaderi
12094627905691|Bacary Diop
12094627908873|Hermann Becker
12094627907631|Zhong Chen
12094627908551|Amer Haider Khan Ahmed
12094627906102|Samuel Haarhoff
12094627910119|Kamel Abderrahmane
12094627909682|Ladji Dia
7696581396387|Azman Leong
12094627906118|Luis Reyes
12094627909810|Francisco Ojeda
12094627910495|Mike Fox
6597069769639|Binh Nguyen
12094627905580|Alexei Kahnovich
12094627909152|Yang Zhang
12094627907428|Mahmoud Hassan
7696581397043|Hồ Mạnh Dũng Ho
12094627909483|Chen Zhang
12094627906567|Carlos Gonzalez
12094627908914|Jimmy Kalaba
12094627906141|Alfred Mulder
12094627909515|Lin Liu
2030|Diego Gomez
12094627908133|Wei Wei
12094627908045|Cam Ho
12094627905567|Otto Richter
12094627907638|Chalakorn Paphunga
12094627910161|Alejandro Reyes
12094627910029|Diem Pham
12094627906732|Aden Glosca
12094627909345|Akashambatwa Yobe
12094627906417|Aykut Koksal
12094627910195|Anastasia Balawan
12094627908638|Carlos Santos
10995116279027|Michael Becker
12094627906759|Francisco Sanchez
12094627906240|Faisal Khan
12094627908389|Min-Jung Cho
12094627910399|Lena Johansson
10995116278503|Jean-Pierre David
6597069771416|Zahar Omar Hamis Bin Gillett
12094627907796|Roberto Diaz
12094627910194|Jie Yang
8796093027123|Cesar Ho
12094627910019|A. Anwar
12094627908611|Isabel Santos
12094627908017|Eduardo Gomez
12094627908466|null
12094627908995|Aharon Bouzid
12094627906710|Yang Yang
4398046513304|Anson Feng
12094627909882|David Campbell
12094627909823|Lei Zhang
7696581396651|Ahmet Ayhan
12094627906158|Victor Hassan
12094627907480|Mario Estefan
12094627905945|Bingbing Yang
12094627905790|Ana Oliveira
12094627909339|Margaret Coetzee
12094627909807|Sandy Fernandez
12094627908655|Ina Goma
12094627908388|Jie Wei
12094627907388|Frank Alvarez
12094627908407|Lei Yang
12094627906370|Abdul Haris Balawan
12094627909785|Batong Danh
12094627910196|Mikhail Ivanov
12094627909146|Aleksandr Feltsman
12094627907051|Janos Farkas
4398046514937|Taufik Thielsch
12094627907508|Jacques David
12094627907126|Koji Nakamura
12094627910464|Madan Krishna Thapa
12094627907121|Jun Yang
12094627909180|Michael Williams
12094627909229|Imtiaz Hussain
12094627905845|Mahinda De Silva
12094627907124|Lei Wang
12094627906517|Eric Nariman
12094627909865|Eugenia Popov
12094627909511|Abdul Haris Anwar
12094627907820|Ayesha Sheikh
12094627909247|Jun Chen
12094627906246|Alec Chen
12094627909028|Carlos Filho
12094627907133|Salma Khan
12094627905822|Mirza Kalich Ahmed
12094627906265|Barbara Kanam Omonga
12094627905550|Hossein Forouhar
12094627907283|Jun Chen
12094627907550|John Ahmed
12094627906135|Gheorghe Popescu
12094627906470|Hao Zhu
12094627909683|Diego Gonzalez
12094627909466|Chairil Rafiq
6597069771391|John Smith
12094627907684|Michael Smith
12094627907341|Hoang Yen Pham
12094627909002|Monja Mangalaza
12094627908412|Jose González
12094627905628|Abdoulaye Khouma Dia
12094627907220|Ning Wang
12094627908801|Ahmad Ali
12094627909193|Zheng Li
12094627908001|Daniel Peretz
12094627906883|Ahmad Rafiq Irama
12094627907917|Sami Manninen
12094627910126|Peng Wang
12094627906509|Alexei Goma
12094627908639|Åke Ekman
12094627909070|Adriaen Cornelissen van der Mulder
12094627908835|Hao Wang
12094627907197|Alejandro Gonzalez
12094627905543|Jun Li
12094627905964|Dominic Santos
12094627906037|Lena Nilsson
12094627907740|Ramon Gomez
12094627907522|Lei Wang
12094627908744|Peng Hu
12094627906404|Li Li
12094627908905|Richard Obuya
12094627909908|Jie Li
8796093026044|Yang Wang
12094627905563|Wojciech Ciesla
12094627907149|Carlos Fernandez
12094627910309|Yang Zhao
12094627910198|George Gonzi
12094627907632|Farrukh Murodov
12094627910140|Hao Liu
12094627906340|Paul Anderson
3298534884977|Bjorn Andersson
12094627910050|Chen Wu
12094627910448|Patricio Parra
12094627910320|Anson Li
12094627908385|Jie Zhu
12094627907647|Cesar Garcia
12094627909375|Jimmy Tsiranana
12094627908009|Andrey Iglinsky
12094627910146|Joe Smith
12094627909216|Adriana Bravo
12094627905862|Jose Escobar
12094627908876|Andre Dia
12094627907687|Gregorio Garcia
12094627909559|Patrick Ateme Elanga
12094627907679|Zhong Xu
12094627908813|Peng Zhu
13194139533871|Lei Yang
13194139536150|Ernesto Rodriguez
12094627908391|John Davis
12094627905739|Lin Lei
12094627906890|Eugenio Abascal
12094627908177|Dominic Burak
12094627906210|Louisa Adhia
13194139536249|Michael Wei
12094627908943|Vicente Alonso
13194139535815|Zheng Yang
13194139533352|Celso Oliveira
12094627907565|Jun Yang
12094627906921|Abby Avi
13194139538176|Helen Thomas
12094627909133|David Jones
13194139534222|Emperor of Brazil Dom Pedro II
13194139536737|Bingyi Zhang
13194139535897|Daouda Malam Lambo
13194139534313|Anh Pham
13194139536981|Ching Do
13194139537518|Li Yang
12094627909329|Peng Zhang
13194139535691|Vincent Akerman
13194139533405|Pablo Bernal
8796093024921|Fali Sam Michie
12094627905635|Chen Zhu
13194139536411|Jorge Rodriguez
12094627909842|Akira Kobayashi
12094627910254|Chalermpong Boy
13194139533616|Jun Zhang
13194139537817|Jie Li
13194139533646|Cesar Ha
13194139535251|Patrick Ambane
13194139537167|Alexander Ivanov
13194139536412|Fritz Becker
12094627910237|William Jones
13194139535912|Abdul Haris Rafiq
12094627908122|Georgios Fampas
12094627908609|Ge Xu
13194139535012|Eduardo Salvador
12094627906107|Christopher Bikoula
5497558142840|null
13194139536610|Wei Yang
13194139537572|Abdul Perera
13194139535178|Francisco Parra
13194139535356|Benedict Zhu
8796093026312|Faisal Hussain
13194139536767|Konstantinos Fampas
13194139537200|David Johnson
13194139533742|John Brown
13194139534741|Marcelo Dom Pedro II
13194139534357|Emperor of Brazil Oliveira
13194139534273|Constantin David
13194139537831|Carl Persson
12094627908542|Yang Xu
13194139533754|Alec Cheng
13194139536923|Carlos Agudelo
13194139534598|Andrei Berman
13194139537794|Lei Liu
13194139535214|Francis Diaz
1099511630685|Abdul Haris Budjana
13194139536935|Abdallah Ferrer
13194139537841|Lin Yang
13194139537355|Jie Zhao
13194139535428|Jean-Pierre Blanc
13194139536047|Juan Alonso
13194139535182|Cheng Liu
13194139534559|Chen Zhang
13194139536521|Boris Gusev
13194139535393|Mahamane Diori
13194139535540|Binh Do
13194139536195|Jose Fernandez
13194139534046|Jun Chen
13194139533557|Sam Hsu
13194139537006|Chen Zhang
13194139535389|Chen Zhao
13194139533847|John Brown
13194139535409|Carlos Bravo
13194139537969|Jie Chen
13194139536644|Peng Chen
13194139536203|Lei Zhu
13194139535501|Shrawan Basnet
13194139535760|Eduardo Alonso
13194139536624|Nicolae David
13194139533479|Hao Zhu
13194139536480|Hakan Arikan
13194139536573|Katarina Mamo
10995116277771|Cheng Wei
13194139535825|Yang Liu
7696581398910|Jun Li
13194139536580|Chakrit Charoenpura
13194139534923|James Wilson
13194139535040|James Wong
13194139533727|John Aquino
10995116279001|Jie Wei
13194139537030|Yang Wang
13194139537050|Francisco Gonzalez
13194139536963|Wei Li
13194139535515|Ah-Joong Shin
13194139536098|Diego Aguirre
13194139536630|Eli Levy
12094627905704|Iraj Karimi
13194139533691|Yang Li
13194139534066|Lei Li
13194139537686|Jimmy Tembo
12094627905604|Mirza Kalich Ali
13194139534894|Peter Goenka
13194139534262|Jan Carr
13194139538269|Arturo Parra
13194139537224|Paul Moore
13194139536936|Isla Al-Mukhaini
13194139536666|Zhi Li
1099511628504|null
13194139534556|Tariq Amjad
13194139536059|Lei Wu
13194139538159|Ahmad Shah Khan
13194139534269|Stanimir Ivanov
13194139536516|Alec Chen
13194139536877|Wolfgang Schmidt
13194139535019|Zheng Zhu
13194139534422|Zheng Li
13194139534874|Wolfgang Muller
13194139535183|Jie Zhu
13194139537547|Christos Papakonstantinou
13194139534883|Marcelo Santos
13194139534239|Bo Chen
13194139534537|Marcelo Silva
13194139533735|Alexandr Akhmadiyeva
13194139538022|Chen Li
13194139537860|Sulayman al- Farah
13194139534130|Lin Li
13194139535956|Alexey Gusev
13194139535730|Eric Michie
13194139534166|Yang Li
13194139535694|Abderraouf Cardinale
13194139535412|Ben Li
13194139534484|Leonid Komarkova
7696581395221|null
13194139534248|Eugene Ravalomanana
9895604650641|Paulo Nascimento
13194139536680|Robert Davis
13194139536261|Hao Wang
12094627910298|Carlos Gonzalez
13194139533796|Roberto Enriquez
13194139536895|Ram Baran Gauchan
13194139533624|Chen Zhang
13194139536472|Avraham Aouadhi
13194139536087|Li Li
13194139536885|Ernst Kurková
13194139537020|Cesar Le
13194139537532|Yang Zhang
13194139537406|Cesar Do
13194139537875|Giorgos Garbi
13194139537926|John Smith
13194139538282|Ajuma Amanaka
13194139535173|Hao Liu
13194139536373|Rico Garcia
13194139534957|Jun Zhu
13194139534838|Vladimir Kofler
13194139534383|Constantin Popescu
10995116281450|Andrei Agrest
13194139536911|Bela Toth
13194139536290|Paul Williams
13194139536758|Yang Zhao
13194139534864|Yang Wei
13194139536237|Mike Smith
13194139534249|Robert Anderson
13194139535673|Leandro Oliveira
13194139535323|Chau Nguyen
13194139534186|Michael Brown
13194139534315|Amir Chen
13194139537233|Zhang Zhang
13194139537384|Carlos Vasquez
13194139537038|Chen Liu
4398046515592|Alex Obanda Amanaka
13194139538023|Anastasios Alkaios
13194139533556|Patricia Alvarez
13194139537044|Jun Zhang
13194139534359|Robert Carter
4398046515445|Louisa Bomani
13194139535544|Manuel Oliveira
13194139534612|Peng Zhang
13194139533573|Andrei Kahnovich
13194139536262|Kenji Sato
13194139534323|John Sheikh
13194139537327|Lei Wei
13194139533350|Alfonso Rodriguez
13194139537739|Aris Giannopoulos
13194139533518|Anıl Arikan
13194139537776|Yang Li
13194139534801|Aafia Khan
13194139535722|null
13194139537562|Chairil Lesmana
13194139534722|Cunxin Li
13194139534757|Sandor Kovacs
13194139537627|Yang Zhao
13194139533739|Yang Liu
13194139534459|Ge Zhu
13194139535891|Hamani Abouba
13194139533452|George Jones
13194139537989|Benhalima Amsalem
13194139534038|Lin Liu
13194139534984|Ivan Georgiev
13194139538121|Paulo Dom Pedro II
13194139533619|Jimmy Tsiranana
2199023259133|Grigore Goncearov
13194139534306|Qingyun Zhang
13194139534200|Ning He
13194139535829|Emilio Gutierrez
13194139536383|Dongshan Chen
13194139536441|Bianca Chen
12094627909182|Paul Burns
13194139534396|Chen Li
13194139536196|Wojciech Ciesla
13194139534160|Franz Wagner
13194139534259|Madan Krishna Koirala
13194139536888|Hao Zhao
13194139533324|Jose Alonso
13194139535419|Yang Yang
13194139535324|null
13194139538275|Nihal Perera
13194139534215|Paul Williams
13194139538283|Louis Haddou
9895604654408|Abdala Diouf
13194139534769|Hao Chen
13194139534762|null
13194139538115|Chen Zhang
13194139537710|Jun Yang
13194139535444|Chen Liu
13194139534765|Chen Yang
9895604651306|Akira Sato
13194139537833|Ge Zhang
13194139534129|Lotfi David
13194139537323|Tep Sihanouk
13194139533636|Nim Nath
13194139538260|Jack Brown
13194139534501|null
13194139538114|Faisal Bhutto
13194139537088|Jie Yang
13194139534640|Yang Zhang
13194139537941|Paul Anderson
13194139536381|Josef Kurková
13194139534493|Chi Li
13194139534325|Ai Yang
13194139534952|Wei Li
13194139535583|Francisco Alvarez
13194139534585|Chen Wang
13194139536560|Laurent Michel
13194139535782|Yuki Yamada
13194139536427|Jie Zhang
13194139535552|Robert Davis
13194139533536|Wei Gao
13194139536111|Pavel Andrle
13194139536338|Yang Liu
13194139534771|null
13194139537432|Masahiro Mori
13194139534594|Ajuma Leakey
13194139534611|Anna Hleb
10995116278616|Bing Yang
6597069770242|Kazuo Kato
13194139534963|Jean Berty
13194139537388|Peter Burns
13194139533677|Hao Zhou
13194139534167|Kenji Abe
13194139535887|Steve Miller
13194139537336|Anang Adianto
13194139535060|Arif Anwar
13194139536698|Gabriel Betancourt
13194139535954|Chen Xu
13194139533936|Yang Wang
12094627907681|Aharon Chihab
13194139536906|Patricio Balmaceda
13194139533774|Alif Qaderi
13194139535783|Chen Liu
12094627907933|Baoping Wang
13194139537372|Juan Carlos Blanko
13194139534448|Max Bauer
12094627908026|Zheng Liu
13194139536454|Jie Li
13194139536341|Carlos Alvarez
13194139538050|Lei Zhang
13194139534865|Jose Garcia
13194139536942|David Bell
13194139536070|Joao Gomes
13194139536711|Roberto Nadal
13194139534114|Mikhail Popov
13194139533483|Yang Liu
13194139533342|Joakim Larsson
13194139536647|Yang Li
13194139535919|Chen Yang
13194139536955|null
13194139536931|Jose Trinidad Zelaya
13194139537477|Janos Kiss
13194139536153|Taufik Irama
12094627909201|Carlo Santos
13194139536436|Vladimir Gilels
13194139536635|null
7696581397977|Ajuma Ouma
13194139535551|Zhong Li
9895604653213|Felipe Antunes
13194139535677|John Smith
13194139535846|Hector Alvarez
13194139536582|Yang Zhang
13194139534521|Zhong Zhang
13194139537887|Rudolf Schmidt
4398046511193|null
13194139537222|Lei Wang
13194139536784|Yang Yang
13194139535308|Wolfgang Schmidt
13194139534272|Ivan Dobrunov
13194139534908|Jun Wang
13194139537666|Heinz Becker
13194139535416|Talat Baloch
13194139538233|A. M. M. Perera
14293651165038|Antonio Mendez
13194139537707|Abdulwahab Gillett
14293651163958|Abraham Raghu
14293651162585|Chan Han
14293651163785|Lei Chen
9895604650655|Jan Cauvin
13194139534250|Wei Zhang
14293651161736|Aki Yamada
13194139537238|null
14293651164624|Behati Gertze
13194139533660|Richard Santos
12094627909552|Ben Li
14293651163850|Akira Yamada
14293651163112|Jessica Blanco
10995116282602|André Anderson
13194139536729|null
14293651165689|Paul Smith
14293651162489|Viktor Akhiezer
14293651163995|Jie Yang
14293651162613|Francis Garcia
14293651162051|Ernst Kurková
13194139533623|Henri David
14293651163824|Jun Yamamoto
14293651163747|Paul Allen
13194139534220|David Adhia
10995116277993|Anucha Aguilar
14293651163342|Narong Paphunga
14293651165669|Manuel Bravo
14293651161284|Zsolt Kiss
14293651164081|Stefano Bianchi
14293651164334|Samuel Atangana
13194139533426|Cam Ho
14293651161543|David Fenter
13194139535079|Djelaludin Ahmadzai
14293651162342|János Mészáros
14293651165391|Li Li
13194139535591|Hiroshi Yamada
14293651165892|Andry Muni
14293651162353|Aleksandr Aubakirov
14293651161777|Michael Brown
14293651165206|Huu Ho
13194139534550|Hossein Akbari
14293651165246|Aleksandr Linchuk
14293651162594|Antonio Reyes
14293651162504|Mario Alonso
14293651163488|Leonid Popov
6597069770704|Sergio Elizalde
14293651165298|null
13194139538152|Agustiar Irama
14293651165757|James Omar
14293651164501|Andrew Hsu
14293651161162|null
1099511628146|null
14293651164210|Yacine Abdeslam
14293651164582|Jacques Arnaud
14293651164866|Ernst Svensson
8796093022231|John Johnson
14293651162203|Henri Martens
14293651163442|Joao Santos
13194139536607|Michael Li
14293651162193|Min-Jung Lee
14293651164503|Youssef Hassan
6597069769706|null
14293651164313|null
14293651162567|Ludwig Fuchs
14293651164785|Luis Rodriguez
14293651163942|Michael Wang
14293651165301|Jie Wang
14293651162053|Carlos Fernandez
14293651165882|Adonai Cabezas
14293651164056|Cesar Garcia
14293651163682|James Jones
14293651161200|Chen Zhu
14293651161639|Steve Moore
14293651165320|Jun Li
14293651163019|Ruby Chiri
14293651163737|Hao Chen
14293651164714|Peter Johnson
14293651162180|Chengying Yang
14293651163822|John Jones
6597069770583|null
14293651165520|John Harris
14293651163258|null
14293651165932|Maxim Aubakirov
14293651163406|Peng Liu
14293651163571|Palghat Karat
14293651164896|Indira Akhmadiyeva
13194139533835|Ali Karimi
14293651163086|Abdul Rahman Gallagher
14293651164228|null
14293651165335|Bill Smith
14293651164754|null
13194139536468|Aa Ngurah Irama
14293651163393|Lei Li
14293651161442|David Taylor
14293651161449|Anh Nguyen
14293651162774|Ilias Angello
13194139538141|Zhang Huang
14293651164539|Ganesh Koirala
14293651164031|null
14293651165179|Lin Zhang
14293651161239|Mamoon Eshaq 0 Amin
14293651164552|Ning Zhang
14293651164063|Hao Xu
14293651164680|Jie Zhao
13194139534019|Peng Zhang
14293651162125|Hans Muller
14293651164218|null
14293651162634|Joao Oliveira
7696581398947|null
13194139537751|Chengdong Zhu
14293651165124|Wei Li
4398046512034|Gabriel Barbu
14293651164020|Lei Wang
14293651164860|Victor Leong
14293651162950|null
14293651163014|Jae-Jin Kim
14293651166046|Pol Chau
14293651164545|Sofiane Ferrer
14293651162491|null
14293651161721|Jie Wang
14293651163104|Rico Fernandez
14293651164672|null
14293651165575|Megumi Suzuki
14293651164688|null
14293651164947|Carlos Escobar
14293651163582|Faisal Abdel Fattah
14293651165874|Minoru Sato
14293651161343|Otto Engel
14293651163924|null
14293651163321|Zheng Wang
14293651163146|null
14293651161206|Rene Arnaud
14293651161649|Hao Chen
14293651164972|Alexander Gusev
14293651164723|null
14293651161509|null
14293651164475|null
14293651161932|Chau Ho
14293651162887|null
14293651161726|Alexander Basov
14293651166078|Juliana Santos
14293651162767|null
1099511630633|Hao Zhang
14293651164044|Daniel Sanchez
4398046515703|Shlomo Levy
14293651165133|Wilson Ribeiro
14293651163902|Abdoulatifou Tsiranana
14293651164075|Jun Zhang
13194139535404|Anna Dobrunov
14293651161858|Lei Yang
14293651161411|Abdoulatifou Aly
7696581398209|Andrey Iglinsky
14293651161464|Wei Chen
14293651161782|Andrei Condariuc
14293651164686|Michael Wang
14293651164822|Aamer Baloch
14293651164851|null
8796093022881|null
14293651161477|null
14293651165852|Nirina Radafison
14293651161198|John Johnson
14293651162208|Agustiar Balawan
14293651163508|Faisal Ahmed
14293651165884|null
14293651162554|null
14293651162195|Yang Yang
14293651165889|null
14293651165937|Eduardo Garcia
14293651164639|Jun Wang
14293651164326|Chan Park
14293651162343|Abdul Haris Irama
14293651161862|Mpeti Kanam
14293651161655|Chau Nguyen
14293651163085|Amy Harun
3585|null
14293651163297|Roberto Rodriguez
14293651163904|null
14293651161766|null
14293651161220|null
14293651165743|null
14293651165546|null
14293651161947|null
7696581395573|null
14293651161539|Antonio Aquino
14293651166034|Alfonso Bravo
14293651164861|null
14293651165941|null
14293651163338|null
14293651164544|Yang Chen
14293651165276|null
7696581396801|Don Phan
14293651161168|null
14293651163866|null
14293651162285|null
14293651165721|null
14293651164746|Li Yang
14293651162509|null
9895604654163|null
14293651163242|null
14293651165922|null
5497558139428|null
14293651162087|null
7696581398737|null
14293651161598|null
14293651165507|Bing Zhang
14293651163225|null
8796093022836|Abdul Haris Anwar
12094627908128|Abdul-Malik Cohen-Meguri
14293651165559|null
14293651165331|null
14293651164090|null
14293651163125|null
14293651161588|null
14293651165786|null
14293651165428|null
14293651162188|null
14293651165498|null
