id:ID|timestamp:STRING|content:STRING
1039993|2010-02-01 05:12:32|
1048874|2010-02-01 12:47:47|
1039994|2010-02-01 20:49:17|
1048864|2010-02-02 00:09:32|
1048869|2010-02-02 01:20:47|
1048865|2010-02-02 01:25:17|
1048896|2010-02-02 03:02:02|
1048889|2010-02-02 03:05:02|
1048902|2010-02-02 03:33:32|
1048861|2010-02-02 04:23:02|
1048875|2010-02-02 04:29:47|
701100|2010-02-02 05:12:38|
1048879|2010-02-02 05:23:47|
1048878|2010-02-02 05:46:17|
1048882|2010-02-02 05:55:17|
1048891|2010-02-02 07:59:47|
1048895|2010-02-02 08:20:47|
1048863|2010-02-02 10:43:17|
1048860|2010-02-02 10:54:32|
1048871|2010-02-02 11:17:47|
1048892|2010-02-02 11:27:32|
1048885|2010-02-02 11:35:02|
1048894|2010-02-02 12:29:47|
1048858|2010-02-02 15:27:32|
1048866|2010-02-02 19:14:47|
299101|2010-02-02 19:53:43|photo299101.jpg
299102|2010-02-02 19:53:44|photo299102.jpg
299103|2010-02-02 19:53:45|photo299103.jpg
299104|2010-02-02 19:53:46|photo299104.jpg
299105|2010-02-02 19:53:47|photo299105.jpg
299106|2010-02-02 19:53:48|photo299106.jpg
299107|2010-02-02 19:53:49|photo299107.jpg
299108|2010-02-02 19:53:50|photo299108.jpg
299109|2010-02-02 19:53:51|photo299109.jpg
299110|2010-02-02 19:53:52|photo299110.jpg
299111|2010-02-02 19:53:53|photo299111.jpg
299112|2010-02-02 19:53:54|photo299112.jpg
299113|2010-02-02 19:53:55|photo299113.jpg
1048877|2010-02-02 22:05:02|
1048867|2010-02-03 01:03:32|
1048880|2010-02-03 02:17:02|
1048887|2010-02-03 02:46:17|
1048883|2010-02-03 06:54:32|
298553|2010-02-03 13:45:09|
1048870|2010-02-03 15:59:47|
529360|2010-02-09 04:05:10|
1076792|2010-02-09 16:21:23|
1301393|2010-02-11 12:01:34|
299390|2010-02-11 19:23:25|photo299390.jpg
299391|2010-02-11 19:23:26|photo299391.jpg
299392|2010-02-11 19:23:27|photo299392.jpg
299393|2010-02-11 19:23:28|photo299393.jpg
299394|2010-02-11 19:23:29|photo299394.jpg
299395|2010-02-11 19:23:30|photo299395.jpg
798675|2010-02-12 10:37:40|
701070|2010-02-12 18:19:04|
705054|2010-02-13 01:54:47|
96148|2010-02-13 18:31:22|photo96148.jpg
96149|2010-02-13 18:31:23|photo96149.jpg
96150|2010-02-13 18:31:24|photo96150.jpg
96151|2010-02-13 18:31:25|photo96151.jpg
96152|2010-02-13 18:31:26|photo96152.jpg
96153|2010-02-13 18:31:27|photo96153.jpg
96154|2010-02-13 18:31:28|photo96154.jpg
96155|2010-02-13 18:31:29|photo96155.jpg
96156|2010-02-13 18:31:30|photo96156.jpg
96157|2010-02-13 18:31:31|photo96157.jpg
96158|2010-02-13 18:31:32|photo96158.jpg
96159|2010-02-13 18:31:33|photo96159.jpg
96160|2010-02-13 18:31:34|photo96160.jpg
96161|2010-02-13 18:31:35|photo96161.jpg
96162|2010-02-13 18:31:36|photo96162.jpg
96163|2010-02-13 18:31:37|photo96163.jpg
96164|2010-02-13 18:31:38|photo96164.jpg
96165|2010-02-13 18:31:39|photo96165.jpg
96166|2010-02-13 18:31:40|photo96166.jpg
96167|2010-02-13 18:31:41|photo96167.jpg
1301394|2010-02-13 21:04:28|
96414|2010-02-14 12:08:41|photo96414.jpg
96415|2010-02-14 12:08:42|photo96415.jpg
96416|2010-02-14 12:08:43|photo96416.jpg
96417|2010-02-14 12:08:44|photo96417.jpg
96418|2010-02-14 12:08:45|photo96418.jpg
96419|2010-02-14 12:08:46|photo96419.jpg
96420|2010-02-14 12:08:47|photo96420.jpg
96421|2010-02-14 12:08:48|photo96421.jpg
96422|2010-02-14 12:08:49|photo96422.jpg
96423|2010-02-14 12:08:50|photo96423.jpg
96424|2010-02-14 12:08:51|photo96424.jpg
404145|2010-02-15 18:18:56|
571477|2010-02-16 06:18:31|
1301406|2010-02-16 18:36:20|
1029294|2010-02-17 02:04:35|photo1029294.jpg
1029295|2010-02-17 02:04:36|photo1029295.jpg
1029296|2010-02-17 02:04:37|photo1029296.jpg
1029297|2010-02-17 02:04:38|photo1029297.jpg
1029298|2010-02-17 02:04:39|photo1029298.jpg
1029299|2010-02-17 02:04:40|photo1029299.jpg
1029300|2010-02-17 02:04:41|photo1029300.jpg
1029301|2010-02-17 02:04:42|photo1029301.jpg
1029302|2010-02-17 02:04:43|photo1029302.jpg
705221|2010-02-17 02:14:13|
967220|2010-02-17 02:58:24|
705184|2010-02-17 10:31:28|
705230|2010-02-17 10:55:28|
705210|2010-02-17 15:06:43|
269883|2010-02-17 15:38:13|
403703|2010-02-17 15:52:31|photo403703.jpg
403704|2010-02-17 15:52:32|photo403704.jpg
403705|2010-02-17 15:52:33|photo403705.jpg
403706|2010-02-17 15:52:34|photo403706.jpg
403707|2010-02-17 15:52:35|photo403707.jpg
269888|2010-02-17 21:49:28|
1160507|2010-02-17 22:16:00|photo1160507.jpg
1160508|2010-02-17 22:16:01|photo1160508.jpg
1160509|2010-02-17 22:16:02|photo1160509.jpg
705242|2010-02-18 03:08:58|
269912|2010-02-18 03:21:43|
269904|2010-02-18 05:35:58|
269922|2010-02-18 07:00:43|
269923|2010-02-18 07:52:28|
705189|2010-02-18 07:55:28|
585249|2010-02-18 10:01:41|
705183|2010-02-18 12:16:28|
658586|2010-02-18 14:03:52|
705199|2010-02-18 15:11:13|
269913|2010-02-18 16:09:43|
705247|2010-02-18 16:10:28|
269926|2010-02-18 16:40:28|
269914|2010-02-18 17:57:43|
269934|2010-02-18 20:06:43|
705185|2010-02-18 20:15:43|
269908|2010-02-18 21:11:13|
705193|2010-02-18 22:26:58|
585272|2010-02-18 23:13:28|
705228|2010-02-19 02:04:28|
492040|2010-02-19 02:58:09|photo492040.jpg
492041|2010-02-19 02:58:10|photo492041.jpg
492042|2010-02-19 02:58:11|photo492042.jpg
492043|2010-02-19 02:58:12|photo492043.jpg
492044|2010-02-19 02:58:13|photo492044.jpg
492045|2010-02-19 02:58:14|photo492045.jpg
492046|2010-02-19 02:58:15|photo492046.jpg
492047|2010-02-19 02:58:16|photo492047.jpg
492048|2010-02-19 02:58:17|photo492048.jpg
492049|2010-02-19 02:58:18|photo492049.jpg
492050|2010-02-19 02:58:19|photo492050.jpg
492051|2010-02-19 02:58:20|photo492051.jpg
492052|2010-02-19 02:58:21|photo492052.jpg
492053|2010-02-19 02:58:22|photo492053.jpg
492054|2010-02-19 02:58:23|photo492054.jpg
492055|2010-02-19 02:58:24|photo492055.jpg
1377613|2010-02-19 03:03:25|photo1377613.jpg
1377614|2010-02-19 03:03:26|photo1377614.jpg
1377615|2010-02-19 03:03:27|photo1377615.jpg
1377616|2010-02-19 03:03:28|photo1377616.jpg
1377617|2010-02-19 03:03:29|photo1377617.jpg
1377618|2010-02-19 03:03:30|photo1377618.jpg
1377619|2010-02-19 03:03:31|photo1377619.jpg
1377620|2010-02-19 03:03:32|photo1377620.jpg
705149|2010-02-19 06:38:13|
704893|2010-02-19 08:50:53|photo704893.jpg
704894|2010-02-19 08:50:54|photo704894.jpg
704895|2010-02-19 08:50:55|photo704895.jpg
704896|2010-02-19 08:50:56|photo704896.jpg
704897|2010-02-19 08:50:57|photo704897.jpg
704898|2010-02-19 08:50:58|photo704898.jpg
704899|2010-02-19 08:50:59|photo704899.jpg
704900|2010-02-19 08:51:00|photo704900.jpg
704901|2010-02-19 08:51:01|photo704901.jpg
704902|2010-02-19 08:51:02|photo704902.jpg
704903|2010-02-19 08:51:03|photo704903.jpg
704904|2010-02-19 08:51:04|photo704904.jpg
704905|2010-02-19 08:51:05|photo704905.jpg
704906|2010-02-19 08:51:06|photo704906.jpg
704907|2010-02-19 08:51:07|photo704907.jpg
723282|2010-02-19 14:13:58|
1160530|2010-02-19 23:14:14|photo1160530.jpg
1160531|2010-02-19 23:14:15|photo1160531.jpg
1160532|2010-02-19 23:14:16|photo1160532.jpg
1048852|2010-02-20 00:12:16|
862824|2010-02-20 06:36:16|
704643|2010-02-20 07:30:54|photo704643.jpg
704644|2010-02-20 07:30:55|photo704644.jpg
704645|2010-02-20 07:30:56|photo704645.jpg
704646|2010-02-20 07:30:57|photo704646.jpg
704647|2010-02-20 07:30:58|photo704647.jpg
704648|2010-02-20 07:30:59|photo704648.jpg
704649|2010-02-20 07:31:00|photo704649.jpg
704650|2010-02-20 07:31:01|photo704650.jpg
704651|2010-02-20 07:31:02|photo704651.jpg
704652|2010-02-20 07:31:03|photo704652.jpg
704653|2010-02-20 07:31:04|photo704653.jpg
167197|2010-02-20 10:22:18|
996812|2010-02-20 10:36:22|photo996812.jpg
996813|2010-02-20 10:36:23|photo996813.jpg
996814|2010-02-20 10:36:24|photo996814.jpg
996815|2010-02-20 10:36:25|photo996815.jpg
996816|2010-02-20 10:36:26|photo996816.jpg
996817|2010-02-20 10:36:27|photo996817.jpg
996818|2010-02-20 10:36:28|photo996818.jpg
996819|2010-02-20 10:36:29|photo996819.jpg
996820|2010-02-20 10:36:30|photo996820.jpg
996821|2010-02-20 10:36:31|photo996821.jpg
723212|2010-02-21 02:39:59|
1076403|2010-02-21 02:53:31|photo1076403.jpg
1076404|2010-02-21 02:53:32|photo1076404.jpg
1076405|2010-02-21 02:53:33|photo1076405.jpg
1076406|2010-02-21 02:53:34|photo1076406.jpg
1076407|2010-02-21 02:53:35|photo1076407.jpg
1076408|2010-02-21 02:53:36|photo1076408.jpg
1076409|2010-02-21 02:53:37|photo1076409.jpg
1076410|2010-02-21 02:53:38|photo1076410.jpg
1076411|2010-02-21 02:53:39|photo1076411.jpg
1076412|2010-02-21 02:53:40|photo1076412.jpg
1076413|2010-02-21 02:53:41|photo1076413.jpg
1076414|2010-02-21 02:53:42|photo1076414.jpg
1076415|2010-02-21 02:53:43|photo1076415.jpg
1076416|2010-02-21 02:53:44|photo1076416.jpg
1377571|2010-02-21 03:55:37|photo1377571.jpg
1377572|2010-02-21 03:55:38|photo1377572.jpg
1377573|2010-02-21 03:55:39|photo1377573.jpg
1377574|2010-02-21 03:55:40|photo1377574.jpg
1377575|2010-02-21 03:55:41|photo1377575.jpg
675563|2010-02-21 06:15:38|photo675563.jpg
675564|2010-02-21 06:15:39|photo675564.jpg
675565|2010-02-21 06:15:40|photo675565.jpg
675566|2010-02-21 06:15:41|photo675566.jpg
675567|2010-02-21 06:15:42|photo675567.jpg
675568|2010-02-21 06:15:43|photo675568.jpg
675569|2010-02-21 06:15:44|photo675569.jpg
675570|2010-02-21 06:15:45|photo675570.jpg
675571|2010-02-21 06:15:46|photo675571.jpg
675572|2010-02-21 06:15:47|photo675572.jpg
675573|2010-02-21 06:15:48|photo675573.jpg
675574|2010-02-21 06:15:49|photo675574.jpg
675575|2010-02-21 06:15:50|photo675575.jpg
864092|2010-02-21 18:39:32|photo864092.jpg
864093|2010-02-21 18:39:33|photo864093.jpg
864094|2010-02-21 18:39:34|photo864094.jpg
864095|2010-02-21 18:39:35|photo864095.jpg
864096|2010-02-21 18:39:36|photo864096.jpg
1426730|2010-02-21 22:18:43|
731462|2010-02-22 01:05:31|
1039986|2010-02-22 09:08:56|
1382544|2010-02-22 09:20:26|photo1382544.jpg
1382545|2010-02-22 09:20:27|photo1382545.jpg
1382546|2010-02-22 09:20:28|photo1382546.jpg
1382547|2010-02-22 09:20:29|photo1382547.jpg
1382548|2010-02-22 09:20:30|photo1382548.jpg
1382549|2010-02-22 09:20:31|photo1382549.jpg
1382550|2010-02-22 09:20:32|photo1382550.jpg
1382551|2010-02-22 09:20:33|photo1382551.jpg
1382552|2010-02-22 09:20:34|photo1382552.jpg
1382553|2010-02-22 09:20:35|photo1382553.jpg
1382554|2010-02-22 09:20:36|photo1382554.jpg
1382555|2010-02-22 09:20:37|photo1382555.jpg
1382556|2010-02-22 09:20:38|photo1382556.jpg
1382557|2010-02-22 09:20:39|photo1382557.jpg
1382558|2010-02-22 09:20:40|photo1382558.jpg
1382559|2010-02-22 09:20:41|photo1382559.jpg
1382560|2010-02-22 09:20:42|photo1382560.jpg
257097|2010-02-22 13:27:43|photo257097.jpg
257098|2010-02-22 13:27:44|photo257098.jpg
257099|2010-02-22 13:27:45|photo257099.jpg
257100|2010-02-22 13:27:46|photo257100.jpg
257101|2010-02-22 13:27:47|photo257101.jpg
257102|2010-02-22 13:27:48|photo257102.jpg
257103|2010-02-22 13:27:49|photo257103.jpg
257104|2010-02-22 13:27:50|photo257104.jpg
257105|2010-02-22 13:27:51|photo257105.jpg
257106|2010-02-22 13:27:52|photo257106.jpg
257107|2010-02-22 13:27:53|photo257107.jpg
257108|2010-02-22 13:27:54|photo257108.jpg
257109|2010-02-22 13:27:55|photo257109.jpg
1039988|2010-02-22 23:36:41|
284098|2010-02-23 02:13:48|
492287|2010-02-23 07:26:33|photo492287.jpg
492288|2010-02-23 07:26:34|photo492288.jpg
492289|2010-02-23 07:26:35|photo492289.jpg
492290|2010-02-23 07:26:36|photo492290.jpg
1039974|2010-02-23 08:27:41|
29662|2010-02-23 13:21:39|
1465598|2010-02-23 14:25:31|
1466584|2010-02-23 19:44:05|photo1466584.jpg
1466585|2010-02-23 19:44:06|photo1466585.jpg
1466586|2010-02-23 19:44:07|photo1466586.jpg
1466587|2010-02-23 19:44:08|photo1466587.jpg
1466588|2010-02-23 19:44:09|photo1466588.jpg
1466589|2010-02-23 19:44:10|photo1466589.jpg
1466590|2010-02-23 19:44:11|photo1466590.jpg
1466591|2010-02-23 19:44:12|photo1466591.jpg
1466592|2010-02-23 19:44:13|photo1466592.jpg
1466593|2010-02-23 19:44:14|photo1466593.jpg
722171|2010-02-24 02:33:31|photo722171.jpg
722172|2010-02-24 02:33:32|photo722172.jpg
722173|2010-02-24 02:33:33|photo722173.jpg
1172371|2010-02-24 10:10:32|photo1172371.jpg
723174|2010-02-24 18:56:29|
167173|2010-02-24 20:20:46|
353886|2010-02-24 22:29:52|
215094|2010-02-25 04:57:04|photo215094.jpg
215095|2010-02-25 04:57:05|photo215095.jpg
215096|2010-02-25 04:57:06|photo215096.jpg
215097|2010-02-25 04:57:07|photo215097.jpg
215098|2010-02-25 04:57:08|photo215098.jpg
215099|2010-02-25 04:57:09|photo215099.jpg
215100|2010-02-25 04:57:10|photo215100.jpg
215101|2010-02-25 04:57:11|photo215101.jpg
215102|2010-02-25 04:57:12|photo215102.jpg
215103|2010-02-25 04:57:13|photo215103.jpg
215104|2010-02-25 04:57:14|photo215104.jpg
701052|2010-02-25 06:12:04|
1048824|2010-02-25 14:31:18|
659035|2010-02-25 15:15:05|
700974|2010-02-25 16:51:15|
747410|2010-02-26 02:19:27|photo747410.jpg
747411|2010-02-26 02:19:28|photo747411.jpg
747412|2010-02-26 02:19:29|photo747412.jpg
197063|2010-02-26 04:12:53|photo197063.jpg
197064|2010-02-26 04:12:54|photo197064.jpg
197065|2010-02-26 04:12:55|photo197065.jpg
197066|2010-02-26 04:12:56|photo197066.jpg
197067|2010-02-26 04:12:57|photo197067.jpg
197068|2010-02-26 04:12:58|photo197068.jpg
197069|2010-02-26 04:12:59|photo197069.jpg
197070|2010-02-26 04:13:00|photo197070.jpg
197071|2010-02-26 04:13:01|photo197071.jpg
197072|2010-02-26 04:13:02|photo197072.jpg
197073|2010-02-26 04:13:03|photo197073.jpg
197074|2010-02-26 04:13:04|photo197074.jpg
197075|2010-02-26 04:13:05|photo197075.jpg
197076|2010-02-26 04:13:06|photo197076.jpg
700933|2010-02-26 05:07:12|
1076642|2010-02-26 06:46:01|
723076|2010-02-26 08:18:20|
751307|2010-02-26 10:34:10|photo751307.jpg
751308|2010-02-26 10:34:11|photo751308.jpg
751309|2010-02-26 10:34:12|photo751309.jpg
751310|2010-02-26 10:34:13|photo751310.jpg
751311|2010-02-26 10:34:14|photo751311.jpg
751312|2010-02-26 10:34:15|photo751312.jpg
751313|2010-02-26 10:34:16|photo751313.jpg
751314|2010-02-26 10:34:17|photo751314.jpg
751315|2010-02-26 10:34:18|photo751315.jpg
751316|2010-02-26 10:34:19|photo751316.jpg
751317|2010-02-26 10:34:20|photo751317.jpg
751318|2010-02-26 10:34:21|photo751318.jpg
751319|2010-02-26 10:34:22|photo751319.jpg
751320|2010-02-26 10:34:23|photo751320.jpg
295682|2010-02-26 13:16:08|
1355801|2010-02-26 14:08:53|
1160478|2010-02-26 17:07:05|photo1160478.jpg
1160479|2010-02-26 17:07:06|photo1160479.jpg
1160480|2010-02-26 17:07:07|photo1160480.jpg
1160481|2010-02-26 17:07:08|photo1160481.jpg
1160482|2010-02-26 17:07:09|photo1160482.jpg
1160483|2010-02-26 17:07:10|photo1160483.jpg
1160484|2010-02-26 17:07:11|photo1160484.jpg
1160485|2010-02-26 17:07:12|photo1160485.jpg
1160486|2010-02-26 17:07:13|photo1160486.jpg
197326|2010-02-26 18:37:07|photo197326.jpg
197327|2010-02-26 18:37:08|photo197327.jpg
197328|2010-02-26 18:37:09|photo197328.jpg
197329|2010-02-26 18:37:10|photo197329.jpg
197330|2010-02-26 18:37:11|photo197330.jpg
197331|2010-02-26 18:37:12|photo197331.jpg
197332|2010-02-26 18:37:13|photo197332.jpg
197333|2010-02-26 18:37:14|photo197333.jpg
197334|2010-02-26 18:37:15|photo197334.jpg
197335|2010-02-26 18:37:16|photo197335.jpg
299437|2010-02-26 20:09:12|photo299437.jpg
299438|2010-02-26 20:09:13|photo299438.jpg
299439|2010-02-26 20:09:14|photo299439.jpg
299440|2010-02-26 20:09:15|photo299440.jpg
299441|2010-02-26 20:09:16|photo299441.jpg
299442|2010-02-26 20:09:17|photo299442.jpg
299443|2010-02-26 20:09:18|photo299443.jpg
299444|2010-02-26 20:09:19|photo299444.jpg
299445|2010-02-26 20:09:20|photo299445.jpg
299446|2010-02-26 20:09:21|photo299446.jpg
299447|2010-02-26 20:09:22|photo299447.jpg
299448|2010-02-26 20:09:23|photo299448.jpg
299449|2010-02-26 20:09:24|photo299449.jpg
299450|2010-02-26 20:09:25|photo299450.jpg
1029331|2010-02-26 20:16:05|
331828|2010-02-26 23:13:20|photo331828.jpg
331829|2010-02-26 23:13:21|photo331829.jpg
331830|2010-02-26 23:13:22|photo331830.jpg
331831|2010-02-26 23:13:23|photo331831.jpg
331832|2010-02-26 23:13:24|photo331832.jpg
331833|2010-02-26 23:13:25|photo331833.jpg
331834|2010-02-26 23:13:26|photo331834.jpg
331835|2010-02-26 23:13:27|photo331835.jpg
331836|2010-02-26 23:13:28|photo331836.jpg
331837|2010-02-26 23:13:29|photo331837.jpg
331838|2010-02-26 23:13:30|photo331838.jpg
331839|2010-02-26 23:13:31|photo331839.jpg
331840|2010-02-26 23:13:32|photo331840.jpg
331841|2010-02-26 23:13:33|photo331841.jpg
269843|2010-02-27 01:57:09|
731488|2010-02-27 08:47:23|
1428047|2010-02-27 11:40:56|photo1428047.jpg
1428048|2010-02-27 11:40:57|photo1428048.jpg
1428049|2010-02-27 11:40:58|photo1428049.jpg
1428050|2010-02-27 11:40:59|photo1428050.jpg
1428051|2010-02-27 11:41:00|photo1428051.jpg
1428052|2010-02-27 11:41:01|photo1428052.jpg
404069|2010-02-27 21:49:52|
230755|2010-02-28 04:42:08|
1428225|2010-02-28 07:17:54|photo1428225.jpg
1428226|2010-02-28 07:17:55|photo1428226.jpg
1428227|2010-02-28 07:17:56|photo1428227.jpg
1428228|2010-02-28 07:17:57|photo1428228.jpg
1428229|2010-02-28 07:17:58|photo1428229.jpg
1428230|2010-02-28 07:17:59|photo1428230.jpg
1428231|2010-02-28 07:18:00|photo1428231.jpg
1428232|2010-02-28 07:18:01|photo1428232.jpg
299223|2010-02-28 13:06:04|photo299223.jpg
299224|2010-02-28 13:06:05|photo299224.jpg
299225|2010-02-28 13:06:06|photo299225.jpg
299226|2010-02-28 13:06:07|photo299226.jpg
299227|2010-02-28 13:06:08|photo299227.jpg
299228|2010-02-28 13:06:09|photo299228.jpg
299229|2010-02-28 13:06:10|photo299229.jpg
299230|2010-02-28 13:06:11|photo299230.jpg
299231|2010-02-28 13:06:12|photo299231.jpg
299232|2010-02-28 13:06:13|photo299232.jpg
299233|2010-02-28 13:06:14|photo299233.jpg
299234|2010-02-28 13:06:15|photo299234.jpg
1172386|2010-03-01 00:27:43|photo1172386.jpg
257228|2010-03-01 02:38:48|
64100|2010-03-01 04:17:38|photo64100.jpg
64101|2010-03-01 04:17:39|photo64101.jpg
64102|2010-03-01 04:17:40|photo64102.jpg
64103|2010-03-01 04:17:41|photo64103.jpg
64104|2010-03-01 04:17:42|photo64104.jpg
64105|2010-03-01 04:17:43|photo64105.jpg
215398|2010-03-01 12:14:29|
254965|2010-03-01 13:06:26|photo254965.jpg
254966|2010-03-01 13:06:27|photo254966.jpg
254967|2010-03-01 13:06:28|photo254967.jpg
254968|2010-03-01 13:06:29|photo254968.jpg
254969|2010-03-01 13:06:30|photo254969.jpg
254970|2010-03-01 13:06:31|photo254970.jpg
254971|2010-03-01 13:06:32|photo254971.jpg
254972|2010-03-01 13:06:33|photo254972.jpg
254973|2010-03-01 13:06:34|photo254973.jpg
254974|2010-03-01 13:06:35|photo254974.jpg
254975|2010-03-01 13:06:36|photo254975.jpg
254976|2010-03-01 13:06:37|photo254976.jpg
254977|2010-03-01 13:06:38|photo254977.jpg
254978|2010-03-01 13:06:39|photo254978.jpg
254979|2010-03-01 13:06:40|photo254979.jpg
254980|2010-03-01 13:06:41|photo254980.jpg
254981|2010-03-01 13:06:42|photo254981.jpg
254982|2010-03-01 13:06:43|photo254982.jpg
254983|2010-03-01 13:06:44|photo254983.jpg
404233|2010-03-01 16:32:29|
967206|2010-03-01 16:44:17|
404315|2010-03-01 21:15:14|
215399|2010-03-01 22:36:59|
573437|2010-03-02 00:30:14|
1115130|2010-03-02 01:45:14|
1076820|2010-03-02 02:03:14|
585268|2010-03-02 02:03:59|
404212|2010-03-02 02:04:44|
723217|2010-03-02 02:08:38|
404247|2010-03-02 02:51:59|
404236|2010-03-02 03:31:44|
1076812|2010-03-02 04:24:14|
215405|2010-03-02 05:42:14|
1115110|2010-03-02 05:51:59|
1076816|2010-03-02 05:53:29|
96174|2010-03-02 05:57:23|photo96174.jpg
96175|2010-03-02 05:57:24|photo96175.jpg
96176|2010-03-02 05:57:25|photo96176.jpg
96177|2010-03-02 05:57:26|photo96177.jpg
96178|2010-03-02 05:57:27|photo96178.jpg
96179|2010-03-02 05:57:28|photo96179.jpg
96180|2010-03-02 05:57:29|photo96180.jpg
96181|2010-03-02 05:57:30|photo96181.jpg
96182|2010-03-02 05:57:31|photo96182.jpg
96183|2010-03-02 05:57:32|photo96183.jpg
96184|2010-03-02 05:57:33|photo96184.jpg
96185|2010-03-02 05:57:34|photo96185.jpg
96186|2010-03-02 05:57:35|photo96186.jpg
96187|2010-03-02 05:57:36|photo96187.jpg
96188|2010-03-02 05:57:37|photo96188.jpg
96189|2010-03-02 05:57:38|photo96189.jpg
96190|2010-03-02 05:57:39|photo96190.jpg
96191|2010-03-02 05:57:40|photo96191.jpg
404258|2010-03-02 07:30:14|
404250|2010-03-02 09:03:14|
404210|2010-03-02 09:06:14|
404167|2010-03-02 09:27:14|
404226|2010-03-02 10:00:14|
585274|2010-03-02 11:21:14|
404280|2010-03-02 12:02:29|
404266|2010-03-02 12:08:29|
404307|2010-03-02 12:30:14|
404244|2010-03-02 12:39:14|
1339403|2010-03-02 12:49:34|
404186|2010-03-02 13:10:44|
404196|2010-03-02 13:25:44|
404223|2010-03-02 13:33:14|
1115127|2010-03-02 13:36:59|
1115126|2010-03-02 14:02:29|
1018582|2010-03-02 14:05:29|
404237|2010-03-02 15:13:44|
215403|2010-03-02 15:36:59|
585269|2010-03-02 16:28:44|
1115133|2010-03-02 16:37:44|
1076821|2010-03-02 17:20:29|
404299|2010-03-02 17:32:29|
404248|2010-03-02 17:39:59|
404263|2010-03-02 17:53:29|
404319|2010-03-02 17:55:44|
1115143|2010-03-02 17:57:59|
1115144|2010-03-02 18:08:29|
1115114|2010-03-02 18:24:59|
1076833|2010-03-02 18:44:29|
215402|2010-03-02 18:48:14|
404189|2010-03-02 18:50:29|
1115147|2010-03-02 19:21:14|
585263|2010-03-02 19:29:29|
215407|2010-03-02 20:54:59|
404162|2010-03-02 21:39:59|
404213|2010-03-02 21:39:59|
1115113|2010-03-02 21:49:44|
1115129|2010-03-02 21:53:29|
269874|2010-03-02 22:41:26|
404227|2010-03-02 22:54:14|
404174|2010-03-02 23:13:44|
1076807|2010-03-03 00:03:59|
585279|2010-03-03 00:38:29|
585273|2010-03-03 01:03:14|
1115128|2010-03-03 01:44:29|
404286|2010-03-03 03:28:44|
1115146|2010-03-03 03:35:29|
1076815|2010-03-03 03:50:29|
298571|2010-03-03 03:55:07|
404262|2010-03-03 04:19:44|
404283|2010-03-03 04:54:59|
215400|2010-03-03 05:05:29|
1115119|2010-03-03 05:48:14|
1378654|2010-03-03 06:12:08|
404178|2010-03-03 06:12:14|
1115145|2010-03-03 06:22:44|
404190|2010-03-03 06:24:14|
1018586|2010-03-03 06:36:59|
215401|2010-03-03 07:06:59|
573433|2010-03-03 07:24:59|
573436|2010-03-03 08:30:59|
404255|2010-03-03 09:28:44|
1115139|2010-03-03 10:48:14|
404272|2010-03-03 10:50:29|
723297|2010-03-03 12:26:25|
1301440|2010-03-03 12:45:20|
404290|2010-03-03 13:18:59|
1115142|2010-03-03 16:36:14|
215408|2010-03-03 20:06:59|
314075|2010-03-03 20:19:12|
632113|2010-03-03 22:09:21|photo632113.jpg
632114|2010-03-03 22:09:22|photo632114.jpg
632115|2010-03-03 22:09:23|photo632115.jpg
632116|2010-03-03 22:09:24|photo632116.jpg
632117|2010-03-03 22:09:25|photo632117.jpg
632118|2010-03-03 22:09:26|photo632118.jpg
632119|2010-03-03 22:09:27|photo632119.jpg
632120|2010-03-03 22:09:28|photo632120.jpg
632121|2010-03-03 22:09:29|photo632121.jpg
632122|2010-03-03 22:09:30|photo632122.jpg
632123|2010-03-03 22:09:31|photo632123.jpg
632124|2010-03-03 22:09:32|photo632124.jpg
632125|2010-03-03 22:09:33|photo632125.jpg
632126|2010-03-03 22:09:34|photo632126.jpg
632127|2010-03-03 22:09:35|photo632127.jpg
632128|2010-03-03 22:09:36|photo632128.jpg
1465610|2010-03-04 01:51:08|
705093|2010-03-04 06:34:50|
314588|2010-03-04 08:01:37|photo314588.jpg
723209|2010-03-04 10:39:16|
459671|2010-03-04 13:38:07|
995143|2010-03-04 13:47:29|
310888|2010-03-04 19:03:31|photo310888.jpg
310889|2010-03-04 19:03:32|photo310889.jpg
310890|2010-03-04 19:03:33|photo310890.jpg
310891|2010-03-04 19:03:34|photo310891.jpg
310892|2010-03-04 19:03:35|photo310892.jpg
310893|2010-03-04 19:03:36|photo310893.jpg
310894|2010-03-04 19:03:37|photo310894.jpg
310895|2010-03-04 19:03:38|photo310895.jpg
310896|2010-03-04 19:03:39|photo310896.jpg
310897|2010-03-04 19:03:40|photo310897.jpg
310898|2010-03-04 19:03:41|photo310898.jpg
310899|2010-03-04 19:03:42|photo310899.jpg
310900|2010-03-04 19:03:43|photo310900.jpg
310901|2010-03-04 19:03:44|photo310901.jpg
1272265|2010-03-04 20:37:59|
704818|2010-03-04 23:01:11|photo704818.jpg
167216|2010-03-05 02:49:12|
1038511|2010-03-05 02:54:15|
1077609|2010-03-05 05:11:42|
167243|2010-03-05 06:29:42|
1038485|2010-03-05 08:08:48|
1089325|2010-03-05 14:16:12|
1355797|2010-03-05 14:27:17|
1373177|2010-03-05 16:07:12|
1077590|2010-03-05 16:46:12|
167227|2010-03-05 18:40:12|
167242|2010-03-05 19:16:57|
1077604|2010-03-05 20:10:12|
1089442|2010-03-05 20:37:12|
1077591|2010-03-05 22:49:12|
1373175|2010-03-05 23:00:27|
167232|2010-03-05 23:31:12|
594650|2010-03-06 01:41:45|
1077597|2010-03-06 01:42:27|
403802|2010-03-06 02:37:46|photo403802.jpg
403803|2010-03-06 02:37:47|photo403803.jpg
403804|2010-03-06 02:37:48|photo403804.jpg
403805|2010-03-06 02:37:49|photo403805.jpg
403806|2010-03-06 02:37:50|photo403806.jpg
403807|2010-03-06 02:37:51|photo403807.jpg
403808|2010-03-06 02:37:52|photo403808.jpg
403809|2010-03-06 02:37:53|photo403809.jpg
403810|2010-03-06 02:37:54|photo403810.jpg
403811|2010-03-06 02:37:55|photo403811.jpg
403812|2010-03-06 02:37:56|photo403812.jpg
403813|2010-03-06 02:37:57|photo403813.jpg
403814|2010-03-06 02:37:58|photo403814.jpg
403815|2010-03-06 02:37:59|photo403815.jpg
403816|2010-03-06 02:38:00|photo403816.jpg
403817|2010-03-06 02:38:01|photo403817.jpg
403818|2010-03-06 02:38:02|photo403818.jpg
255303|2010-03-06 03:46:10|
295692|2010-03-06 04:00:04|
1089322|2010-03-06 04:59:42|
1089327|2010-03-06 05:42:27|
1077605|2010-03-06 08:28:12|
1089326|2010-03-06 08:37:12|
1077623|2010-03-06 09:22:57|
1089440|2010-03-06 09:43:12|
1077622|2010-03-06 13:00:27|
339597|2010-03-06 13:43:41|photo339597.jpg
339598|2010-03-06 13:43:42|photo339598.jpg
339599|2010-03-06 13:43:43|photo339599.jpg
339600|2010-03-06 13:43:44|photo339600.jpg
339601|2010-03-06 13:43:45|photo339601.jpg
339602|2010-03-06 13:43:46|photo339602.jpg
339603|2010-03-06 13:43:47|photo339603.jpg
339604|2010-03-06 13:43:48|photo339604.jpg
339605|2010-03-06 13:43:49|photo339605.jpg
339606|2010-03-06 13:43:50|photo339606.jpg
339607|2010-03-06 13:43:51|photo339607.jpg
339608|2010-03-06 13:43:52|photo339608.jpg
339609|2010-03-06 13:43:53|photo339609.jpg
339610|2010-03-06 13:43:54|photo339610.jpg
339611|2010-03-06 13:43:55|photo339611.jpg
339612|2010-03-06 13:43:56|photo339612.jpg
339613|2010-03-06 13:43:57|photo339613.jpg
1128109|2010-03-06 16:42:19|photo1128109.jpg
1128110|2010-03-06 16:42:20|photo1128110.jpg
1128111|2010-03-06 16:42:21|photo1128111.jpg
1128112|2010-03-06 16:42:22|photo1128112.jpg
1128113|2010-03-06 16:42:23|photo1128113.jpg
1128114|2010-03-06 16:42:24|photo1128114.jpg
1128115|2010-03-06 16:42:25|photo1128115.jpg
1128116|2010-03-06 16:42:26|photo1128116.jpg
1128117|2010-03-06 16:42:27|photo1128117.jpg
1128118|2010-03-06 16:42:28|photo1128118.jpg
1128119|2010-03-06 16:42:29|photo1128119.jpg
1128120|2010-03-06 16:42:30|photo1128120.jpg
1128121|2010-03-06 16:42:31|photo1128121.jpg
1128122|2010-03-06 16:42:32|photo1128122.jpg
1128123|2010-03-06 16:42:33|photo1128123.jpg
1128124|2010-03-06 16:42:34|photo1128124.jpg
167222|2010-03-06 18:59:42|
1373178|2010-03-06 19:12:27|
705078|2010-03-07 07:48:24|
705076|2010-03-07 07:49:58|
723183|2010-03-07 13:33:38|
255889|2010-03-07 15:44:55|photo255889.jpg
255890|2010-03-07 15:44:56|photo255890.jpg
255891|2010-03-07 15:44:57|photo255891.jpg
255892|2010-03-07 15:44:58|photo255892.jpg
255893|2010-03-07 15:44:59|photo255893.jpg
255894|2010-03-07 15:45:00|photo255894.jpg
255895|2010-03-07 15:45:01|photo255895.jpg
255896|2010-03-07 15:45:02|photo255896.jpg
255897|2010-03-07 15:45:03|photo255897.jpg
255898|2010-03-07 15:45:04|photo255898.jpg
255899|2010-03-07 15:45:05|photo255899.jpg
255900|2010-03-07 15:45:06|photo255900.jpg
255901|2010-03-07 15:45:07|photo255901.jpg
255902|2010-03-07 15:45:08|photo255902.jpg
255903|2010-03-07 15:45:09|photo255903.jpg
255904|2010-03-07 15:45:10|photo255904.jpg
255905|2010-03-07 15:45:11|photo255905.jpg
255906|2010-03-07 15:45:12|photo255906.jpg
255907|2010-03-07 15:45:13|photo255907.jpg
1172467|2010-03-07 17:11:58|photo1172467.jpg
1172468|2010-03-07 17:11:59|photo1172468.jpg
1172469|2010-03-07 17:12:00|photo1172469.jpg
1172470|2010-03-07 17:12:01|photo1172470.jpg
1172471|2010-03-07 17:12:02|photo1172471.jpg
1172472|2010-03-07 17:12:03|photo1172472.jpg
1172473|2010-03-07 17:12:04|photo1172473.jpg
1172474|2010-03-07 17:12:05|photo1172474.jpg
1172475|2010-03-07 17:12:06|photo1172475.jpg
722188|2010-03-07 22:01:58|photo722188.jpg
722189|2010-03-07 22:01:59|photo722189.jpg
722190|2010-03-07 22:02:00|photo722190.jpg
722191|2010-03-07 22:02:01|photo722191.jpg
722192|2010-03-07 22:02:02|photo722192.jpg
722193|2010-03-07 22:02:03|photo722193.jpg
722194|2010-03-07 22:02:04|photo722194.jpg
722195|2010-03-07 22:02:05|photo722195.jpg
722196|2010-03-07 22:02:06|photo722196.jpg
722197|2010-03-07 22:02:07|photo722197.jpg
722198|2010-03-07 22:02:08|photo722198.jpg
722199|2010-03-07 22:02:09|photo722199.jpg
722200|2010-03-07 22:02:10|photo722200.jpg
1107305|2010-03-08 06:44:44|photo1107305.jpg
1107306|2010-03-08 06:44:45|photo1107306.jpg
1107307|2010-03-08 06:44:46|photo1107307.jpg
1107308|2010-03-08 06:44:47|photo1107308.jpg
1107309|2010-03-08 06:44:48|photo1107309.jpg
1107310|2010-03-08 06:44:49|photo1107310.jpg
1107311|2010-03-08 06:44:50|photo1107311.jpg
1107312|2010-03-08 06:44:51|photo1107312.jpg
1107313|2010-03-08 06:44:52|photo1107313.jpg
1107314|2010-03-08 06:44:53|photo1107314.jpg
1107315|2010-03-08 06:44:54|photo1107315.jpg
1107316|2010-03-08 06:44:55|photo1107316.jpg
1107317|2010-03-08 06:44:56|photo1107317.jpg
1107318|2010-03-08 06:44:57|photo1107318.jpg
1107319|2010-03-08 06:44:58|photo1107319.jpg
1107320|2010-03-08 06:44:59|photo1107320.jpg
571500|2010-03-08 10:56:33|
645331|2010-03-08 12:34:07|photo645331.jpg
645332|2010-03-08 12:34:08|photo645332.jpg
645333|2010-03-08 12:34:09|photo645333.jpg
1028374|2010-03-08 12:59:48|
284089|2010-03-08 15:41:37|
147454|2010-03-08 15:42:30|photo147454.jpg
147455|2010-03-08 15:42:31|photo147455.jpg
147456|2010-03-08 15:42:32|photo147456.jpg
147457|2010-03-08 15:42:33|photo147457.jpg
147458|2010-03-08 15:42:34|photo147458.jpg
147459|2010-03-08 15:42:35|photo147459.jpg
147460|2010-03-08 15:42:36|photo147460.jpg
147461|2010-03-08 15:42:37|photo147461.jpg
147462|2010-03-08 15:42:38|photo147462.jpg
147463|2010-03-08 15:42:39|photo147463.jpg
147464|2010-03-08 15:42:40|photo147464.jpg
147465|2010-03-08 15:42:41|photo147465.jpg
147466|2010-03-08 15:42:42|photo147466.jpg
147467|2010-03-08 15:42:43|photo147467.jpg
147468|2010-03-08 15:42:44|photo147468.jpg
147469|2010-03-08 15:42:45|photo147469.jpg
147470|2010-03-08 15:42:46|photo147470.jpg
147471|2010-03-08 15:42:47|photo147471.jpg
147472|2010-03-08 15:42:48|photo147472.jpg
147473|2010-03-08 15:42:49|photo147473.jpg
1048817|2010-03-08 17:23:07|
1339420|2010-03-08 17:27:05|
947183|2010-03-08 18:38:38|photo947183.jpg
947184|2010-03-08 18:38:39|photo947184.jpg
947185|2010-03-08 18:38:40|photo947185.jpg
723178|2010-03-09 04:34:13|
1105660|2010-03-09 07:42:13|photo1105660.jpg
1105661|2010-03-09 07:42:14|photo1105661.jpg
1105662|2010-03-09 07:42:15|photo1105662.jpg
1105663|2010-03-09 07:42:16|photo1105663.jpg
1105664|2010-03-09 07:42:17|photo1105664.jpg
1105665|2010-03-09 07:42:18|photo1105665.jpg
1105666|2010-03-09 07:42:19|photo1105666.jpg
1273403|2010-03-09 11:25:17|photo1273403.jpg
1273404|2010-03-09 11:25:18|photo1273404.jpg
1273405|2010-03-09 11:25:19|photo1273405.jpg
1273406|2010-03-09 11:25:20|photo1273406.jpg
1273407|2010-03-09 11:25:21|photo1273407.jpg
1273408|2010-03-09 11:25:22|photo1273408.jpg
1273409|2010-03-09 11:25:23|photo1273409.jpg
1273410|2010-03-09 11:25:24|photo1273410.jpg
1273411|2010-03-09 11:25:25|photo1273411.jpg
1273412|2010-03-09 11:25:26|photo1273412.jpg
1273413|2010-03-09 11:25:27|photo1273413.jpg
1273414|2010-03-09 11:25:28|photo1273414.jpg
1273415|2010-03-09 11:25:29|photo1273415.jpg
1273416|2010-03-09 11:25:30|photo1273416.jpg
1273417|2010-03-09 11:25:31|photo1273417.jpg
231708|2010-03-09 11:52:41|photo231708.jpg
231709|2010-03-09 11:52:42|photo231709.jpg
231710|2010-03-09 11:52:43|photo231710.jpg
231711|2010-03-09 11:52:44|photo231711.jpg
231712|2010-03-09 11:52:45|photo231712.jpg
197219|2010-03-09 13:21:08|photo197219.jpg
197220|2010-03-09 13:21:09|photo197220.jpg
197221|2010-03-09 13:21:10|photo197221.jpg
197222|2010-03-09 13:21:11|photo197222.jpg
197223|2010-03-09 13:21:12|photo197223.jpg
197224|2010-03-09 13:21:13|photo197224.jpg
197225|2010-03-09 13:21:14|photo197225.jpg
197226|2010-03-09 13:21:15|photo197226.jpg
197227|2010-03-09 13:21:16|photo197227.jpg
197228|2010-03-09 13:21:17|photo197228.jpg
197229|2010-03-09 13:21:18|photo197229.jpg
197230|2010-03-09 13:21:19|photo197230.jpg
197231|2010-03-09 13:21:20|photo197231.jpg
197232|2010-03-09 13:21:21|photo197232.jpg
197233|2010-03-09 13:21:22|photo197233.jpg
197234|2010-03-09 13:21:23|photo197234.jpg
197235|2010-03-09 13:21:24|photo197235.jpg
197236|2010-03-09 13:21:25|photo197236.jpg
197237|2010-03-09 13:21:26|photo197237.jpg
197238|2010-03-09 13:21:27|photo197238.jpg
1466191|2010-03-09 16:05:23|photo1466191.jpg
1466192|2010-03-09 16:05:24|photo1466192.jpg
1466193|2010-03-09 16:05:25|photo1466193.jpg
1466194|2010-03-09 16:05:26|photo1466194.jpg
1466195|2010-03-09 16:05:27|photo1466195.jpg
1466196|2010-03-09 16:05:28|photo1466196.jpg
1466197|2010-03-09 16:05:29|photo1466197.jpg
1466198|2010-03-09 16:05:30|photo1466198.jpg
1466199|2010-03-09 16:05:31|photo1466199.jpg
1466200|2010-03-09 16:05:32|photo1466200.jpg
1466201|2010-03-09 16:05:33|photo1466201.jpg
1466202|2010-03-09 16:05:34|photo1466202.jpg
1466203|2010-03-09 16:05:35|photo1466203.jpg
1466204|2010-03-09 16:05:36|photo1466204.jpg
1466205|2010-03-09 16:05:37|photo1466205.jpg
1466206|2010-03-09 16:05:38|photo1466206.jpg
1466207|2010-03-09 16:05:39|photo1466207.jpg
1466208|2010-03-09 16:05:40|photo1466208.jpg
1466209|2010-03-09 16:05:41|photo1466209.jpg
1466265|2010-03-09 19:25:29|photo1466265.jpg
1466266|2010-03-09 19:25:30|photo1466266.jpg
1466267|2010-03-09 19:25:31|photo1466267.jpg
1466268|2010-03-09 19:25:32|photo1466268.jpg
1466269|2010-03-09 19:25:33|photo1466269.jpg
1466270|2010-03-09 19:25:34|photo1466270.jpg
1466271|2010-03-09 19:25:35|photo1466271.jpg
1466272|2010-03-09 19:25:36|photo1466272.jpg
1466273|2010-03-09 19:25:37|photo1466273.jpg
1466274|2010-03-09 19:25:38|photo1466274.jpg
1466275|2010-03-09 19:25:39|photo1466275.jpg
1466276|2010-03-09 19:25:40|photo1466276.jpg
1466277|2010-03-09 19:25:41|photo1466277.jpg
1466278|2010-03-09 19:25:42|photo1466278.jpg
1466279|2010-03-09 19:25:43|photo1466279.jpg
1466280|2010-03-09 19:25:44|photo1466280.jpg
723156|2010-03-09 23:40:30|
298566|2010-03-10 03:35:16|
1467030|2010-03-10 04:21:37|photo1467030.jpg
1467031|2010-03-10 04:21:38|photo1467031.jpg
1467032|2010-03-10 04:21:39|photo1467032.jpg
1467033|2010-03-10 04:21:40|photo1467033.jpg
1467034|2010-03-10 04:21:41|photo1467034.jpg
1467035|2010-03-10 04:21:42|photo1467035.jpg
1467036|2010-03-10 04:21:43|photo1467036.jpg
1467037|2010-03-10 04:21:44|photo1467037.jpg
1467038|2010-03-10 04:21:45|photo1467038.jpg
1467039|2010-03-10 04:21:46|photo1467039.jpg
1467040|2010-03-10 04:21:47|photo1467040.jpg
1467041|2010-03-10 04:21:48|photo1467041.jpg
1467042|2010-03-10 04:21:49|photo1467042.jpg
1467043|2010-03-10 04:21:50|photo1467043.jpg
1467044|2010-03-10 04:21:51|photo1467044.jpg
1467045|2010-03-10 04:21:52|photo1467045.jpg
1467046|2010-03-10 04:21:53|photo1467046.jpg
1467047|2010-03-10 04:21:54|photo1467047.jpg
1090074|2010-03-10 11:11:49|photo1090074.jpg
1090075|2010-03-10 11:11:50|photo1090075.jpg
1090076|2010-03-10 11:11:51|photo1090076.jpg
1090077|2010-03-10 11:11:52|photo1090077.jpg
1090078|2010-03-10 11:11:53|photo1090078.jpg
1090079|2010-03-10 11:11:54|photo1090079.jpg
1090080|2010-03-10 11:11:55|photo1090080.jpg
1090081|2010-03-10 11:11:56|photo1090081.jpg
1090082|2010-03-10 11:11:57|photo1090082.jpg
1090083|2010-03-10 11:11:58|photo1090083.jpg
1090084|2010-03-10 11:11:59|photo1090084.jpg
1090085|2010-03-10 11:12:00|photo1090085.jpg
1090086|2010-03-10 11:12:01|photo1090086.jpg
1090087|2010-03-10 11:12:02|photo1090087.jpg
1090088|2010-03-10 11:12:03|photo1090088.jpg
255833|2010-03-10 15:43:59|photo255833.jpg
255834|2010-03-10 15:44:00|photo255834.jpg
255835|2010-03-10 15:44:01|photo255835.jpg
255836|2010-03-10 15:44:02|photo255836.jpg
255837|2010-03-10 15:44:03|photo255837.jpg
255838|2010-03-10 15:44:04|photo255838.jpg
255839|2010-03-10 15:44:05|photo255839.jpg
255840|2010-03-10 15:44:06|photo255840.jpg
255841|2010-03-10 15:44:07|photo255841.jpg
255842|2010-03-10 15:44:08|photo255842.jpg
255843|2010-03-10 15:44:09|photo255843.jpg
255844|2010-03-10 15:44:10|photo255844.jpg
255845|2010-03-10 15:44:11|photo255845.jpg
255846|2010-03-10 15:44:12|photo255846.jpg
365661|2010-03-10 16:24:11|photo365661.jpg
365662|2010-03-10 16:24:12|photo365662.jpg
365663|2010-03-10 16:24:13|photo365663.jpg
365664|2010-03-10 16:24:14|photo365664.jpg
365665|2010-03-10 16:24:15|photo365665.jpg
365666|2010-03-10 16:24:16|photo365666.jpg
365667|2010-03-10 16:24:17|photo365667.jpg
365668|2010-03-10 16:24:18|photo365668.jpg
365669|2010-03-10 16:24:19|photo365669.jpg
365670|2010-03-10 16:24:20|photo365670.jpg
365671|2010-03-10 16:24:21|photo365671.jpg
365672|2010-03-10 16:24:22|photo365672.jpg
365673|2010-03-10 16:24:23|photo365673.jpg
365674|2010-03-10 16:24:24|photo365674.jpg
365675|2010-03-10 16:24:25|photo365675.jpg
365676|2010-03-10 16:24:26|photo365676.jpg
365677|2010-03-10 16:24:27|photo365677.jpg
189314|2010-03-10 17:12:20|photo189314.jpg
189315|2010-03-10 17:12:21|photo189315.jpg
189316|2010-03-10 17:12:22|photo189316.jpg
189317|2010-03-10 17:12:23|photo189317.jpg
189318|2010-03-10 17:12:24|photo189318.jpg
189319|2010-03-10 17:12:25|photo189319.jpg
189320|2010-03-10 17:12:26|photo189320.jpg
189321|2010-03-10 17:12:27|photo189321.jpg
189322|2010-03-10 17:12:28|photo189322.jpg
189323|2010-03-10 17:12:29|photo189323.jpg
189324|2010-03-10 17:12:30|photo189324.jpg
189325|2010-03-10 17:12:31|photo189325.jpg
189326|2010-03-10 17:12:32|photo189326.jpg
189327|2010-03-10 17:12:33|photo189327.jpg
189328|2010-03-10 17:12:34|photo189328.jpg
1466723|2010-03-10 19:50:35|photo1466723.jpg
1466724|2010-03-10 19:50:36|photo1466724.jpg
1466725|2010-03-10 19:50:37|photo1466725.jpg
722958|2010-03-11 01:05:01|photo722958.jpg
722959|2010-03-11 01:05:02|photo722959.jpg
722960|2010-03-11 01:05:03|photo722960.jpg
722961|2010-03-11 01:05:04|photo722961.jpg
722962|2010-03-11 01:05:05|photo722962.jpg
722963|2010-03-11 01:05:06|photo722963.jpg
722964|2010-03-11 01:05:07|photo722964.jpg
722965|2010-03-11 01:05:08|photo722965.jpg
722966|2010-03-11 01:05:09|photo722966.jpg
722967|2010-03-11 01:05:10|photo722967.jpg
1272303|2010-03-11 01:28:48|
269867|2010-03-11 04:34:09|
189706|2010-03-11 04:55:56|photo189706.jpg
189707|2010-03-11 04:55:57|photo189707.jpg
189708|2010-03-11 04:55:58|photo189708.jpg
189709|2010-03-11 04:55:59|photo189709.jpg
189710|2010-03-11 04:56:00|photo189710.jpg
189711|2010-03-11 04:56:01|photo189711.jpg
189712|2010-03-11 04:56:02|photo189712.jpg
189713|2010-03-11 04:56:03|photo189713.jpg
189714|2010-03-11 04:56:04|photo189714.jpg
189715|2010-03-11 04:56:05|photo189715.jpg
189716|2010-03-11 04:56:06|photo189716.jpg
189717|2010-03-11 04:56:07|photo189717.jpg
189718|2010-03-11 04:56:08|photo189718.jpg
189719|2010-03-11 04:56:09|photo189719.jpg
404048|2010-03-11 07:52:37|
630412|2010-03-11 08:03:06|
404060|2010-03-11 09:33:35|
231851|2010-03-11 13:33:21|photo231851.jpg
231852|2010-03-11 13:33:22|photo231852.jpg
231853|2010-03-11 13:33:23|photo231853.jpg
231854|2010-03-11 13:33:24|photo231854.jpg
231855|2010-03-11 13:33:25|photo231855.jpg
231856|2010-03-11 13:33:26|photo231856.jpg
231857|2010-03-11 13:33:27|photo231857.jpg
1076520|2010-03-11 16:09:11|photo1076520.jpg
1076521|2010-03-11 16:09:12|photo1076521.jpg
1076522|2010-03-11 16:09:13|photo1076522.jpg
1076523|2010-03-11 16:09:14|photo1076523.jpg
1076524|2010-03-11 16:09:15|photo1076524.jpg
1076525|2010-03-11 16:09:16|photo1076525.jpg
1076526|2010-03-11 16:09:17|photo1076526.jpg
1076527|2010-03-11 16:09:18|photo1076527.jpg
1076528|2010-03-11 16:09:19|photo1076528.jpg
1076529|2010-03-11 16:09:20|photo1076529.jpg
1076530|2010-03-11 16:09:21|photo1076530.jpg
1076531|2010-03-11 16:09:22|photo1076531.jpg
1076532|2010-03-11 16:09:23|photo1076532.jpg
1076533|2010-03-11 16:09:24|photo1076533.jpg
1076534|2010-03-11 16:09:25|photo1076534.jpg
1076535|2010-03-11 16:09:26|photo1076535.jpg
1076536|2010-03-11 16:09:27|photo1076536.jpg
1076537|2010-03-11 16:09:28|photo1076537.jpg
1416745|2010-03-11 16:44:34|
1355811|2010-03-11 17:57:36|
1377658|2010-03-11 18:26:51|
1378648|2010-03-11 23:33:19|
311788|2010-03-12 00:49:46|
645347|2010-03-12 03:02:12|photo645347.jpg
645348|2010-03-12 03:02:13|photo645348.jpg
645349|2010-03-12 03:02:14|photo645349.jpg
645350|2010-03-12 03:02:15|photo645350.jpg
645351|2010-03-12 03:02:16|photo645351.jpg
645352|2010-03-12 03:02:17|photo645352.jpg
645353|2010-03-12 03:02:18|photo645353.jpg
645354|2010-03-12 03:02:19|photo645354.jpg
645355|2010-03-12 03:02:20|photo645355.jpg
645356|2010-03-12 03:02:21|photo645356.jpg
645357|2010-03-12 03:02:22|photo645357.jpg
645358|2010-03-12 03:02:23|photo645358.jpg
645359|2010-03-12 03:02:24|photo645359.jpg
645360|2010-03-12 03:02:25|photo645360.jpg
645361|2010-03-12 03:02:26|photo645361.jpg
645362|2010-03-12 03:02:27|photo645362.jpg
645363|2010-03-12 03:02:28|photo645363.jpg
1149256|2010-03-12 03:31:52|photo1149256.jpg
1149257|2010-03-12 03:31:53|photo1149257.jpg
1149258|2010-03-12 03:31:54|photo1149258.jpg
230427|2010-03-12 08:30:12|photo230427.jpg
230428|2010-03-12 08:30:13|photo230428.jpg
230429|2010-03-12 08:30:14|photo230429.jpg
230430|2010-03-12 08:30:15|photo230430.jpg
230431|2010-03-12 08:30:16|photo230431.jpg
230432|2010-03-12 08:30:17|photo230432.jpg
230433|2010-03-12 08:30:18|photo230433.jpg
230434|2010-03-12 08:30:19|photo230434.jpg
230435|2010-03-12 08:30:20|photo230435.jpg
230436|2010-03-12 08:30:21|photo230436.jpg
1076791|2010-03-12 13:04:25|
1105338|2010-03-12 16:00:45|
1339393|2010-03-12 17:51:12|
977359|2010-03-12 19:30:02|photo977359.jpg
977360|2010-03-12 19:30:03|photo977360.jpg
977361|2010-03-12 19:30:04|photo977361.jpg
977362|2010-03-12 19:30:05|photo977362.jpg
977363|2010-03-12 19:30:06|photo977363.jpg
977364|2010-03-12 19:30:07|photo977364.jpg
977365|2010-03-12 19:30:08|photo977365.jpg
977366|2010-03-12 19:30:09|photo977366.jpg
977367|2010-03-12 19:30:10|photo977367.jpg
977368|2010-03-12 19:30:11|photo977368.jpg
977369|2010-03-12 19:30:12|photo977369.jpg
977370|2010-03-12 19:30:13|photo977370.jpg
977371|2010-03-12 19:30:14|photo977371.jpg
977372|2010-03-12 19:30:15|photo977372.jpg
977373|2010-03-12 19:30:16|photo977373.jpg
977374|2010-03-12 19:30:17|photo977374.jpg
977375|2010-03-12 19:30:18|photo977375.jpg
977376|2010-03-12 19:30:19|photo977376.jpg
977377|2010-03-12 19:30:20|photo977377.jpg
977378|2010-03-12 19:30:21|photo977378.jpg
994942|2010-03-13 03:11:06|photo994942.jpg
994943|2010-03-13 03:11:07|photo994943.jpg
994944|2010-03-13 03:11:08|photo994944.jpg
994945|2010-03-13 03:11:09|photo994945.jpg
994946|2010-03-13 03:11:10|photo994946.jpg
994947|2010-03-13 03:11:11|photo994947.jpg
994948|2010-03-13 03:11:12|photo994948.jpg
994949|2010-03-13 03:11:13|photo994949.jpg
1301441|2010-03-13 03:41:59|
1217245|2010-03-13 12:51:34|photo1217245.jpg
1217246|2010-03-13 12:51:35|photo1217246.jpg
1217247|2010-03-13 12:51:36|photo1217247.jpg
1217248|2010-03-13 12:51:37|photo1217248.jpg
1217249|2010-03-13 12:51:38|photo1217249.jpg
1217250|2010-03-13 12:51:39|photo1217250.jpg
1217251|2010-03-13 12:51:40|photo1217251.jpg
1217252|2010-03-13 12:51:41|photo1217252.jpg
1217253|2010-03-13 12:51:42|photo1217253.jpg
1217254|2010-03-13 12:51:43|photo1217254.jpg
1217255|2010-03-13 12:51:44|photo1217255.jpg
1217256|2010-03-13 12:51:45|photo1217256.jpg
1217257|2010-03-13 12:51:46|photo1217257.jpg
1217258|2010-03-13 12:51:47|photo1217258.jpg
1217259|2010-03-13 12:51:48|photo1217259.jpg
1048836|2010-03-13 13:17:09|
257270|2010-03-13 16:03:02|
215779|2010-03-13 20:10:18|photo215779.jpg
215780|2010-03-13 20:10:19|photo215780.jpg
215781|2010-03-13 20:10:20|photo215781.jpg
215782|2010-03-13 20:10:21|photo215782.jpg
215783|2010-03-13 20:10:22|photo215783.jpg
215784|2010-03-13 20:10:23|photo215784.jpg
215785|2010-03-13 20:10:24|photo215785.jpg
215786|2010-03-13 20:10:25|photo215786.jpg
215787|2010-03-13 20:10:26|photo215787.jpg
215788|2010-03-13 20:10:27|photo215788.jpg
215789|2010-03-13 20:10:28|photo215789.jpg
215790|2010-03-13 20:10:29|photo215790.jpg
215791|2010-03-13 20:10:30|photo215791.jpg
215792|2010-03-13 20:10:31|photo215792.jpg
1067979|2010-03-14 03:12:44|photo1067979.jpg
1067980|2010-03-14 03:12:45|photo1067980.jpg
1067981|2010-03-14 03:12:46|photo1067981.jpg
1067982|2010-03-14 03:12:47|photo1067982.jpg
1067983|2010-03-14 03:12:48|photo1067983.jpg
1067984|2010-03-14 03:12:49|photo1067984.jpg
1067985|2010-03-14 03:12:50|photo1067985.jpg
1067986|2010-03-14 03:12:51|photo1067986.jpg
1067987|2010-03-14 03:12:52|photo1067987.jpg
1067988|2010-03-14 03:12:53|photo1067988.jpg
1067989|2010-03-14 03:12:54|photo1067989.jpg
1067990|2010-03-14 03:12:55|photo1067990.jpg
1067991|2010-03-14 03:12:56|photo1067991.jpg
1067992|2010-03-14 03:12:57|photo1067992.jpg
353850|2010-03-14 05:05:38|
62625|2010-03-14 05:34:47|
1446948|2010-03-14 06:55:18|
571503|2010-03-14 07:09:14|
765265|2010-03-14 07:40:13|
313065|2010-03-14 14:32:21|photo313065.jpg
313066|2010-03-14 14:32:22|photo313066.jpg
313067|2010-03-14 14:32:23|photo313067.jpg
313068|2010-03-14 14:32:24|photo313068.jpg
313069|2010-03-14 14:32:25|photo313069.jpg
313070|2010-03-14 14:32:26|photo313070.jpg
313071|2010-03-14 14:32:27|photo313071.jpg
269833|2010-03-14 21:05:45|
1068105|2010-03-15 03:48:03|photo1068105.jpg
1068106|2010-03-15 03:48:04|photo1068106.jpg
1068107|2010-03-15 03:48:05|photo1068107.jpg
1068108|2010-03-15 03:48:06|photo1068108.jpg
1068109|2010-03-15 03:48:07|photo1068109.jpg
1068110|2010-03-15 03:48:08|photo1068110.jpg
1068111|2010-03-15 03:48:09|photo1068111.jpg
215804|2010-03-15 06:21:49|photo215804.jpg
215805|2010-03-15 06:21:50|photo215805.jpg
215806|2010-03-15 06:21:51|photo215806.jpg
215807|2010-03-15 06:21:52|photo215807.jpg
215808|2010-03-15 06:21:53|photo215808.jpg
215809|2010-03-15 06:21:54|photo215809.jpg
215810|2010-03-15 06:21:55|photo215810.jpg
215811|2010-03-15 06:21:56|photo215811.jpg
215812|2010-03-15 06:21:57|photo215812.jpg
215813|2010-03-15 06:21:58|photo215813.jpg
215814|2010-03-15 06:21:59|photo215814.jpg
215815|2010-03-15 06:22:00|photo215815.jpg
215816|2010-03-15 06:22:01|photo215816.jpg
215817|2010-03-15 06:22:02|photo215817.jpg
215818|2010-03-15 06:22:03|photo215818.jpg
215819|2010-03-15 06:22:04|photo215819.jpg
215820|2010-03-15 06:22:05|photo215820.jpg
215821|2010-03-15 06:22:06|photo215821.jpg
215822|2010-03-15 06:22:07|photo215822.jpg
1377663|2010-03-15 08:08:52|
585243|2010-03-15 09:19:39|
1377428|2010-03-15 10:47:45|photo1377428.jpg
1377429|2010-03-15 10:47:46|photo1377429.jpg
1377430|2010-03-15 10:47:47|photo1377430.jpg
1377431|2010-03-15 10:47:48|photo1377431.jpg
1377432|2010-03-15 10:47:49|photo1377432.jpg
1377433|2010-03-15 10:47:50|photo1377433.jpg
1377434|2010-03-15 10:47:51|photo1377434.jpg
1377435|2010-03-15 10:47:52|photo1377435.jpg
1377436|2010-03-15 10:47:53|photo1377436.jpg
1377437|2010-03-15 10:47:54|photo1377437.jpg
1377438|2010-03-15 10:47:55|photo1377438.jpg
1377439|2010-03-15 10:47:56|photo1377439.jpg
1377440|2010-03-15 10:47:57|photo1377440.jpg
1377441|2010-03-15 10:47:58|photo1377441.jpg
1377442|2010-03-15 10:47:59|photo1377442.jpg
1377443|2010-03-15 10:48:00|photo1377443.jpg
1377444|2010-03-15 10:48:01|photo1377444.jpg
1377445|2010-03-15 10:48:02|photo1377445.jpg
1377446|2010-03-15 10:48:03|photo1377446.jpg
1377447|2010-03-15 10:48:04|photo1377447.jpg
1378671|2010-03-15 19:01:09|
339632|2010-03-15 19:21:49|photo339632.jpg
339633|2010-03-15 19:21:50|photo339633.jpg
339634|2010-03-15 19:21:51|photo339634.jpg
339635|2010-03-15 19:21:52|photo339635.jpg
339636|2010-03-15 19:21:53|photo339636.jpg
339637|2010-03-15 19:21:54|photo339637.jpg
339638|2010-03-15 19:21:55|photo339638.jpg
339639|2010-03-15 19:21:56|photo339639.jpg
339640|2010-03-15 19:21:57|photo339640.jpg
339641|2010-03-15 19:21:58|photo339641.jpg
339642|2010-03-15 19:21:59|photo339642.jpg
339643|2010-03-15 19:22:00|photo339643.jpg
339644|2010-03-15 19:22:01|photo339644.jpg
339645|2010-03-15 19:22:02|photo339645.jpg
339646|2010-03-15 19:22:03|photo339646.jpg
339647|2010-03-15 19:22:04|photo339647.jpg
339648|2010-03-15 19:22:05|photo339648.jpg
339649|2010-03-15 19:22:06|photo339649.jpg
173715|2010-03-16 03:19:35|photo173715.jpg
173716|2010-03-16 03:19:36|photo173716.jpg
173717|2010-03-16 03:19:37|photo173717.jpg
173718|2010-03-16 03:19:38|photo173718.jpg
173719|2010-03-16 03:19:39|photo173719.jpg
173720|2010-03-16 03:19:40|photo173720.jpg
173721|2010-03-16 03:19:41|photo173721.jpg
173722|2010-03-16 03:19:42|photo173722.jpg
173723|2010-03-16 03:19:43|photo173723.jpg
173724|2010-03-16 03:19:44|photo173724.jpg
173725|2010-03-16 03:19:45|photo173725.jpg
173726|2010-03-16 03:19:46|photo173726.jpg
173727|2010-03-16 03:19:47|photo173727.jpg
173728|2010-03-16 03:19:48|photo173728.jpg
173729|2010-03-16 03:19:49|photo173729.jpg
173730|2010-03-16 03:19:50|photo173730.jpg
173731|2010-03-16 03:19:51|photo173731.jpg
173732|2010-03-16 03:19:52|photo173732.jpg
173733|2010-03-16 03:19:53|photo173733.jpg
230449|2010-03-16 06:21:56|photo230449.jpg
230450|2010-03-16 06:21:57|photo230450.jpg
230451|2010-03-16 06:21:58|photo230451.jpg
230452|2010-03-16 06:21:59|photo230452.jpg
230453|2010-03-16 06:22:00|photo230453.jpg
230454|2010-03-16 06:22:01|photo230454.jpg
230455|2010-03-16 06:22:02|photo230455.jpg
230456|2010-03-16 06:22:03|photo230456.jpg
230457|2010-03-16 06:22:04|photo230457.jpg
230458|2010-03-16 06:22:05|photo230458.jpg
230459|2010-03-16 06:22:06|photo230459.jpg
230460|2010-03-16 06:22:07|photo230460.jpg
230461|2010-03-16 06:22:08|photo230461.jpg
230462|2010-03-16 06:22:09|photo230462.jpg
230463|2010-03-16 06:22:10|photo230463.jpg
230464|2010-03-16 06:22:11|photo230464.jpg
230465|2010-03-16 06:22:12|photo230465.jpg
701085|2010-03-16 07:05:11|
994987|2010-03-16 11:38:20|photo994987.jpg
707269|2010-03-16 21:58:53|photo707269.jpg
707270|2010-03-16 21:58:54|photo707270.jpg
707271|2010-03-16 21:58:55|photo707271.jpg
707272|2010-03-16 21:58:56|photo707272.jpg
707273|2010-03-16 21:58:57|photo707273.jpg
707274|2010-03-16 21:58:58|photo707274.jpg
707275|2010-03-16 21:58:59|photo707275.jpg
707276|2010-03-16 21:59:00|photo707276.jpg
707277|2010-03-16 21:59:01|photo707277.jpg
1038520|2010-03-16 22:38:31|
1301377|2010-03-16 23:00:46|
574164|2010-03-16 23:45:57|photo574164.jpg
574165|2010-03-16 23:45:58|photo574165.jpg
574166|2010-03-16 23:45:59|photo574166.jpg
574167|2010-03-16 23:46:00|photo574167.jpg
574168|2010-03-16 23:46:01|photo574168.jpg
574169|2010-03-16 23:46:02|photo574169.jpg
574170|2010-03-16 23:46:03|photo574170.jpg
574171|2010-03-16 23:46:04|photo574171.jpg
574172|2010-03-16 23:46:05|photo574172.jpg
574173|2010-03-16 23:46:06|photo574173.jpg
574174|2010-03-16 23:46:07|photo574174.jpg
231679|2010-03-17 01:32:32|photo231679.jpg
231680|2010-03-17 01:32:33|photo231680.jpg
231681|2010-03-17 01:32:34|photo231681.jpg
231682|2010-03-17 01:32:35|photo231682.jpg
231683|2010-03-17 01:32:36|photo231683.jpg
231684|2010-03-17 01:32:37|photo231684.jpg
231685|2010-03-17 01:32:38|photo231685.jpg
231686|2010-03-17 01:32:39|photo231686.jpg
231687|2010-03-17 01:32:40|photo231687.jpg
231688|2010-03-17 01:32:41|photo231688.jpg
310866|2010-03-17 04:42:03|photo310866.jpg
310867|2010-03-17 04:42:04|photo310867.jpg
310868|2010-03-17 04:42:05|photo310868.jpg
310869|2010-03-17 04:42:06|photo310869.jpg
310870|2010-03-17 04:42:07|photo310870.jpg
310871|2010-03-17 04:42:08|photo310871.jpg
310872|2010-03-17 04:42:09|photo310872.jpg
310873|2010-03-17 04:42:10|photo310873.jpg
310874|2010-03-17 04:42:11|photo310874.jpg
310875|2010-03-17 04:42:12|photo310875.jpg
1273122|2010-03-17 06:13:02|
777140|2010-03-17 17:10:18|
967214|2010-03-17 17:27:55|
3|2010-03-17 19:30:21|
257224|2010-03-17 21:03:39|
594669|2010-03-18 01:57:12|
572903|2010-03-18 20:08:08|photo572903.jpg
572904|2010-03-18 20:08:09|photo572904.jpg
572905|2010-03-18 20:08:10|photo572905.jpg
572906|2010-03-18 20:08:11|photo572906.jpg
572907|2010-03-18 20:08:12|photo572907.jpg
572908|2010-03-18 20:08:13|photo572908.jpg
10057|2010-03-19 00:09:54|photo10057.jpg
10058|2010-03-19 00:09:55|photo10058.jpg
10059|2010-03-19 00:09:56|photo10059.jpg
1067228|2010-03-19 01:38:25|photo1067228.jpg
1067229|2010-03-19 01:38:26|photo1067229.jpg
1067230|2010-03-19 01:38:27|photo1067230.jpg
1067231|2010-03-19 01:38:28|photo1067231.jpg
1067232|2010-03-19 01:38:29|photo1067232.jpg
1067233|2010-03-19 01:38:30|photo1067233.jpg
1067234|2010-03-19 01:38:31|photo1067234.jpg
1067235|2010-03-19 01:38:32|photo1067235.jpg
1067236|2010-03-19 01:38:33|photo1067236.jpg
1067237|2010-03-19 01:38:34|photo1067237.jpg
311777|2010-03-19 05:12:15|
1048823|2010-03-19 09:13:38|
231787|2010-03-19 11:31:42|photo231787.jpg
231788|2010-03-19 11:31:43|photo231788.jpg
231789|2010-03-19 11:31:44|photo231789.jpg
231790|2010-03-19 11:31:45|photo231790.jpg
231791|2010-03-19 11:31:46|photo231791.jpg
231792|2010-03-19 11:31:47|photo231792.jpg
231793|2010-03-19 11:31:48|photo231793.jpg
231794|2010-03-19 11:31:49|photo231794.jpg
231795|2010-03-19 11:31:50|photo231795.jpg
231796|2010-03-19 11:31:51|photo231796.jpg
231797|2010-03-19 11:31:52|photo231797.jpg
231798|2010-03-19 11:31:53|photo231798.jpg
231799|2010-03-19 11:31:54|photo231799.jpg
231800|2010-03-19 11:31:55|photo231800.jpg
295662|2010-03-19 13:53:02|
404053|2010-03-19 21:23:03|
1216779|2010-03-20 00:01:26|photo1216779.jpg
1216780|2010-03-20 00:01:27|photo1216780.jpg
1216781|2010-03-20 00:01:28|photo1216781.jpg
1216782|2010-03-20 00:01:29|photo1216782.jpg
1216783|2010-03-20 00:01:30|photo1216783.jpg
1216784|2010-03-20 00:01:31|photo1216784.jpg
1216785|2010-03-20 00:01:32|photo1216785.jpg
1216786|2010-03-20 00:01:33|photo1216786.jpg
1216787|2010-03-20 00:01:34|photo1216787.jpg
1216788|2010-03-20 00:01:35|photo1216788.jpg
215130|2010-03-20 00:30:37|photo215130.jpg
215131|2010-03-20 00:30:38|photo215131.jpg
215132|2010-03-20 00:30:39|photo215132.jpg
215133|2010-03-20 00:30:40|photo215133.jpg
215134|2010-03-20 00:30:41|photo215134.jpg
215135|2010-03-20 00:30:42|photo215135.jpg
215136|2010-03-20 00:30:43|photo215136.jpg
215137|2010-03-20 00:30:44|photo215137.jpg
215138|2010-03-20 00:30:45|photo215138.jpg
215139|2010-03-20 00:30:46|photo215139.jpg
215140|2010-03-20 00:30:47|photo215140.jpg
215141|2010-03-20 00:30:48|photo215141.jpg
215142|2010-03-20 00:30:49|photo215142.jpg
215143|2010-03-20 00:30:50|photo215143.jpg
215144|2010-03-20 00:30:51|photo215144.jpg
215145|2010-03-20 00:30:52|photo215145.jpg
231660|2010-03-20 01:59:11|photo231660.jpg
231661|2010-03-20 01:59:12|photo231661.jpg
799267|2010-03-20 07:40:10|photo799267.jpg
1398566|2010-03-20 09:58:37|photo1398566.jpg
1398567|2010-03-20 09:58:38|photo1398567.jpg
1398568|2010-03-20 09:58:39|photo1398568.jpg
297648|2010-03-20 12:03:40|photo297648.jpg
297649|2010-03-20 12:03:41|photo297649.jpg
297650|2010-03-20 12:03:42|photo297650.jpg
297651|2010-03-20 12:03:43|photo297651.jpg
297652|2010-03-20 12:03:44|photo297652.jpg
297653|2010-03-20 12:03:45|photo297653.jpg
297654|2010-03-20 12:03:46|photo297654.jpg
297655|2010-03-20 12:03:47|photo297655.jpg
297656|2010-03-20 12:03:48|photo297656.jpg
297657|2010-03-20 12:03:49|photo297657.jpg
297658|2010-03-20 12:03:50|photo297658.jpg
556701|2010-03-20 22:58:34|
1397467|2010-03-20 23:43:21|
556462|2010-03-21 01:40:37|photo556462.jpg
556463|2010-03-21 01:40:38|photo556463.jpg
556464|2010-03-21 01:40:39|photo556464.jpg
556465|2010-03-21 01:40:40|photo556465.jpg
556466|2010-03-21 01:40:41|photo556466.jpg
556467|2010-03-21 01:40:42|photo556467.jpg
556468|2010-03-21 01:40:43|photo556468.jpg
556469|2010-03-21 01:40:44|photo556469.jpg
556470|2010-03-21 01:40:45|photo556470.jpg
556471|2010-03-21 01:40:46|photo556471.jpg
556472|2010-03-21 01:40:47|photo556472.jpg
556473|2010-03-21 01:40:48|photo556473.jpg
383354|2010-03-21 03:50:38|photo383354.jpg
383355|2010-03-21 03:50:39|photo383355.jpg
383356|2010-03-21 03:50:40|photo383356.jpg
383357|2010-03-21 03:50:41|photo383357.jpg
383358|2010-03-21 03:50:42|photo383358.jpg
383359|2010-03-21 03:50:43|photo383359.jpg
383360|2010-03-21 03:50:44|photo383360.jpg
1286237|2010-03-21 08:12:07|
295658|2010-03-21 10:56:34|
257327|2010-03-21 13:28:39|
836851|2010-03-21 15:06:55|
8002|2010-03-21 15:33:21|
529357|2010-03-21 22:08:57|
892338|2010-03-22 07:56:55|
269832|2010-03-22 09:29:06|
295729|2010-03-22 10:21:25|
230661|2010-03-22 12:56:23|photo230661.jpg
230662|2010-03-22 12:56:24|photo230662.jpg
230663|2010-03-22 12:56:25|photo230663.jpg
230664|2010-03-22 12:56:26|photo230664.jpg
230665|2010-03-22 12:56:27|photo230665.jpg
230666|2010-03-22 12:56:28|photo230666.jpg
230667|2010-03-22 12:56:29|photo230667.jpg
230668|2010-03-22 12:56:30|photo230668.jpg
230669|2010-03-22 12:56:31|photo230669.jpg
230670|2010-03-22 12:56:32|photo230670.jpg
230671|2010-03-22 12:56:33|photo230671.jpg
594689|2010-03-22 21:28:01|
1172276|2010-03-22 21:51:00|photo1172276.jpg
1172277|2010-03-22 21:51:01|photo1172277.jpg
1172278|2010-03-22 21:51:02|photo1172278.jpg
1172279|2010-03-22 21:51:03|photo1172279.jpg
1172280|2010-03-22 21:51:04|photo1172280.jpg
1172281|2010-03-22 21:51:05|photo1172281.jpg
1172282|2010-03-22 21:51:06|photo1172282.jpg
1172283|2010-03-22 21:51:07|photo1172283.jpg
1172284|2010-03-22 21:51:08|photo1172284.jpg
1172285|2010-03-22 21:51:09|photo1172285.jpg
1172286|2010-03-22 21:51:10|photo1172286.jpg
1172287|2010-03-22 21:51:11|photo1172287.jpg
1172288|2010-03-22 21:51:12|photo1172288.jpg
1172289|2010-03-22 21:51:13|photo1172289.jpg
1172290|2010-03-22 21:51:14|photo1172290.jpg
1172291|2010-03-22 21:51:15|photo1172291.jpg
1172292|2010-03-22 21:51:16|photo1172292.jpg
1172293|2010-03-22 21:51:17|photo1172293.jpg
383464|2010-03-22 23:19:30|photo383464.jpg
383465|2010-03-22 23:19:31|photo383465.jpg
383466|2010-03-22 23:19:32|photo383466.jpg
383467|2010-03-22 23:19:33|photo383467.jpg
383468|2010-03-22 23:19:34|photo383468.jpg
383469|2010-03-22 23:19:35|photo383469.jpg
383470|2010-03-22 23:19:36|photo383470.jpg
383471|2010-03-22 23:19:37|photo383471.jpg
383472|2010-03-22 23:19:38|photo383472.jpg
383473|2010-03-22 23:19:39|photo383473.jpg
383474|2010-03-22 23:19:40|photo383474.jpg
383475|2010-03-22 23:19:41|photo383475.jpg
1301447|2010-03-23 01:45:53|
700945|2010-03-23 02:21:37|
1105667|2010-03-23 05:57:01|photo1105667.jpg
1105668|2010-03-23 05:57:02|photo1105668.jpg
1105669|2010-03-23 05:57:03|photo1105669.jpg
1105670|2010-03-23 05:57:04|photo1105670.jpg
1105671|2010-03-23 05:57:05|photo1105671.jpg
1105672|2010-03-23 05:57:06|photo1105672.jpg
1105673|2010-03-23 05:57:07|photo1105673.jpg
1105674|2010-03-23 05:57:08|photo1105674.jpg
1105675|2010-03-23 05:57:09|photo1105675.jpg
1105676|2010-03-23 05:57:10|photo1105676.jpg
1105677|2010-03-23 05:57:11|photo1105677.jpg
1105678|2010-03-23 05:57:12|photo1105678.jpg
1105679|2010-03-23 05:57:13|photo1105679.jpg
1105680|2010-03-23 05:57:14|photo1105680.jpg
1105681|2010-03-23 05:57:15|photo1105681.jpg
1105682|2010-03-23 05:57:16|photo1105682.jpg
355116|2010-03-23 10:11:42|photo355116.jpg
355117|2010-03-23 10:11:43|photo355117.jpg
355118|2010-03-23 10:11:44|photo355118.jpg
355119|2010-03-23 10:11:45|photo355119.jpg
355120|2010-03-23 10:11:46|photo355120.jpg
355121|2010-03-23 10:11:47|photo355121.jpg
355122|2010-03-23 10:11:48|photo355122.jpg
355123|2010-03-23 10:11:49|photo355123.jpg
355124|2010-03-23 10:11:50|photo355124.jpg
355125|2010-03-23 10:11:51|photo355125.jpg
355126|2010-03-23 10:11:52|photo355126.jpg
355127|2010-03-23 10:11:53|photo355127.jpg
355128|2010-03-23 10:11:54|photo355128.jpg
355129|2010-03-23 10:11:55|photo355129.jpg
355130|2010-03-23 10:11:56|photo355130.jpg
355131|2010-03-23 10:11:57|photo355131.jpg
722464|2010-03-23 10:42:13|
1355820|2010-03-23 15:54:01|
187912|2010-03-23 20:30:08|
723264|2010-03-23 23:09:17|
331330|2010-03-24 04:15:02|
96095|2010-03-24 04:56:14|photo96095.jpg
96096|2010-03-24 04:56:15|photo96096.jpg
96097|2010-03-24 04:56:16|photo96097.jpg
96098|2010-03-24 04:56:17|photo96098.jpg
96099|2010-03-24 04:56:18|photo96099.jpg
96100|2010-03-24 04:56:19|photo96100.jpg
96101|2010-03-24 04:56:20|photo96101.jpg
96102|2010-03-24 04:56:21|photo96102.jpg
96103|2010-03-24 04:56:22|photo96103.jpg
96104|2010-03-24 04:56:23|photo96104.jpg
1378669|2010-03-24 05:01:16|
215225|2010-03-24 08:52:31|photo215225.jpg
297433|2010-03-24 09:39:16|photo297433.jpg
297434|2010-03-24 09:39:17|photo297434.jpg
297435|2010-03-24 09:39:18|photo297435.jpg
297436|2010-03-24 09:39:19|photo297436.jpg
723221|2010-03-24 10:00:50|
902032|2010-03-24 11:33:52|photo902032.jpg
902033|2010-03-24 11:33:53|photo902033.jpg
902034|2010-03-24 11:33:54|photo902034.jpg
902035|2010-03-24 11:33:55|photo902035.jpg
902036|2010-03-24 11:33:56|photo902036.jpg
902037|2010-03-24 11:33:57|photo902037.jpg
902038|2010-03-24 11:33:58|photo902038.jpg
902039|2010-03-24 11:33:59|photo902039.jpg
902040|2010-03-24 11:34:00|photo902040.jpg
902041|2010-03-24 11:34:01|photo902041.jpg
902042|2010-03-24 11:34:02|photo902042.jpg
902043|2010-03-24 11:34:03|photo902043.jpg
30137|2010-03-24 16:13:23|photo30137.jpg
30138|2010-03-24 16:13:24|photo30138.jpg
30139|2010-03-24 16:13:25|photo30139.jpg
30140|2010-03-24 16:13:26|photo30140.jpg
30141|2010-03-24 16:13:27|photo30141.jpg
30142|2010-03-24 16:13:28|photo30142.jpg
30143|2010-03-24 16:13:29|photo30143.jpg
30144|2010-03-24 16:13:30|photo30144.jpg
30145|2010-03-24 16:13:31|photo30145.jpg
30146|2010-03-24 16:13:32|photo30146.jpg
30147|2010-03-24 16:13:33|photo30147.jpg
1355762|2010-03-24 17:01:41|
705071|2010-03-24 17:40:13|
1339418|2010-03-24 18:49:14|
29660|2010-03-24 18:50:50|
314839|2010-03-25 01:45:27|photo314839.jpg
314840|2010-03-25 01:45:28|photo314840.jpg
314841|2010-03-25 01:45:29|photo314841.jpg
314842|2010-03-25 01:45:30|photo314842.jpg
314843|2010-03-25 01:45:31|photo314843.jpg
314844|2010-03-25 01:45:32|photo314844.jpg
314845|2010-03-25 01:45:33|photo314845.jpg
314846|2010-03-25 01:45:34|photo314846.jpg
314847|2010-03-25 01:45:35|photo314847.jpg
314848|2010-03-25 01:45:36|photo314848.jpg
314849|2010-03-25 01:45:37|photo314849.jpg
314850|2010-03-25 01:45:38|photo314850.jpg
314851|2010-03-25 01:45:39|photo314851.jpg
314852|2010-03-25 01:45:40|photo314852.jpg
314853|2010-03-25 01:45:41|photo314853.jpg
314854|2010-03-25 01:45:42|photo314854.jpg
314855|2010-03-25 01:45:43|photo314855.jpg
314856|2010-03-25 01:45:44|photo314856.jpg
314857|2010-03-25 01:45:45|photo314857.jpg
340674|2010-03-25 05:27:32|photo340674.jpg
1342329|2010-03-25 10:05:32|photo1342329.jpg
1342330|2010-03-25 10:05:33|photo1342330.jpg
1342331|2010-03-25 10:05:34|photo1342331.jpg
1342332|2010-03-25 10:05:35|photo1342332.jpg
1342333|2010-03-25 10:05:36|photo1342333.jpg
1342334|2010-03-25 10:05:37|photo1342334.jpg
1342335|2010-03-25 10:05:38|photo1342335.jpg
1342336|2010-03-25 10:05:39|photo1342336.jpg
1342337|2010-03-25 10:05:40|photo1342337.jpg
1342338|2010-03-25 10:05:41|photo1342338.jpg
1342339|2010-03-25 10:05:42|photo1342339.jpg
1342340|2010-03-25 10:05:43|photo1342340.jpg
330472|2010-03-25 16:27:57|
864565|2010-03-25 21:41:43|
1378643|2010-03-26 06:30:41|
1077593|2010-03-26 11:53:27|
571534|2010-03-26 13:57:12|
529371|2010-03-26 14:35:27|
1446945|2010-03-26 14:44:09|
298575|2010-03-26 15:45:57|
529379|2010-03-26 15:50:27|
383541|2010-03-26 16:13:44|photo383541.jpg
383542|2010-03-26 16:13:45|photo383542.jpg
383543|2010-03-26 16:13:46|photo383543.jpg
383544|2010-03-26 16:13:47|photo383544.jpg
383545|2010-03-26 16:13:48|photo383545.jpg
383546|2010-03-26 16:13:49|photo383546.jpg
383547|2010-03-26 16:13:50|photo383547.jpg
383548|2010-03-26 16:13:51|photo383548.jpg
383549|2010-03-26 16:13:52|photo383549.jpg
383550|2010-03-26 16:13:53|photo383550.jpg
383551|2010-03-26 16:13:54|photo383551.jpg
383552|2010-03-26 16:13:55|photo383552.jpg
383553|2010-03-26 16:13:56|photo383553.jpg
383554|2010-03-26 16:13:57|photo383554.jpg
383555|2010-03-26 16:13:58|photo383555.jpg
383556|2010-03-26 16:13:59|photo383556.jpg
383557|2010-03-26 16:14:00|photo383557.jpg
571529|2010-03-26 16:38:27|
11191|2010-03-26 17:03:43|photo11191.jpg
11192|2010-03-26 17:03:44|photo11192.jpg
11193|2010-03-26 17:03:45|photo11193.jpg
11194|2010-03-26 17:03:46|photo11194.jpg
11195|2010-03-26 17:03:47|photo11195.jpg
11196|2010-03-26 17:03:48|photo11196.jpg
11197|2010-03-26 17:03:49|photo11197.jpg
11198|2010-03-26 17:03:50|photo11198.jpg
11199|2010-03-26 17:03:51|photo11199.jpg
11200|2010-03-26 17:03:52|photo11200.jpg
11201|2010-03-26 17:03:53|photo11201.jpg
11202|2010-03-26 17:03:54|photo11202.jpg
11203|2010-03-26 17:03:55|photo11203.jpg
11204|2010-03-26 17:03:56|photo11204.jpg
11205|2010-03-26 17:03:57|photo11205.jpg
11206|2010-03-26 17:03:58|photo11206.jpg
11207|2010-03-26 17:03:59|photo11207.jpg
11208|2010-03-26 17:04:00|photo11208.jpg
11209|2010-03-26 17:04:01|photo11209.jpg
11210|2010-03-26 17:04:02|photo11210.jpg
810276|2010-03-26 18:04:42|
458947|2010-03-26 18:14:45|
925423|2010-03-26 18:48:07|
1067062|2010-03-26 19:04:32|photo1067062.jpg
1067063|2010-03-26 19:04:33|photo1067063.jpg
1067064|2010-03-26 19:04:34|photo1067064.jpg
1067065|2010-03-26 19:04:35|photo1067065.jpg
1067066|2010-03-26 19:04:36|photo1067066.jpg
1067067|2010-03-26 19:04:37|photo1067067.jpg
1067068|2010-03-26 19:04:38|photo1067068.jpg
1067069|2010-03-26 19:04:39|photo1067069.jpg
1067070|2010-03-26 19:04:40|photo1067070.jpg
1067071|2010-03-26 19:04:41|photo1067071.jpg
1067072|2010-03-26 19:04:42|photo1067072.jpg
1067073|2010-03-26 19:04:43|photo1067073.jpg
1067074|2010-03-26 19:04:44|photo1067074.jpg
1067075|2010-03-26 19:04:45|photo1067075.jpg
1067076|2010-03-26 19:04:46|photo1067076.jpg
1067077|2010-03-26 19:04:47|photo1067077.jpg
1067078|2010-03-26 19:04:48|photo1067078.jpg
1067079|2010-03-26 19:04:49|photo1067079.jpg
1067080|2010-03-26 19:04:50|photo1067080.jpg
1067081|2010-03-26 19:04:51|photo1067081.jpg
284119|2010-03-26 19:16:42|
284139|2010-03-26 20:32:27|
1077589|2010-03-26 20:41:27|
810272|2010-03-26 20:50:27|
892355|2010-03-26 21:00:57|
571528|2010-03-26 21:09:57|
571565|2010-03-26 21:27:57|
571536|2010-03-26 21:58:42|
1077619|2010-03-26 22:00:57|
1077576|2010-03-26 22:27:12|
968301|2010-03-26 23:09:12|
658845|2010-03-26 23:13:48|photo658845.jpg
658846|2010-03-26 23:13:49|photo658846.jpg
658847|2010-03-26 23:13:50|photo658847.jpg
658848|2010-03-26 23:13:51|photo658848.jpg
658849|2010-03-26 23:13:52|photo658849.jpg
658850|2010-03-26 23:13:53|photo658850.jpg
658851|2010-03-26 23:13:54|photo658851.jpg
658852|2010-03-26 23:13:55|photo658852.jpg
658853|2010-03-26 23:13:56|photo658853.jpg
658854|2010-03-26 23:13:57|photo658854.jpg
658855|2010-03-26 23:13:58|photo658855.jpg
658856|2010-03-26 23:13:59|photo658856.jpg
658857|2010-03-26 23:14:00|photo658857.jpg
658858|2010-03-26 23:14:01|photo658858.jpg
658859|2010-03-26 23:14:02|photo658859.jpg
658860|2010-03-26 23:14:03|photo658860.jpg
658861|2010-03-26 23:14:04|photo658861.jpg
658862|2010-03-26 23:14:05|photo658862.jpg
658863|2010-03-26 23:14:06|photo658863.jpg
658864|2010-03-26 23:14:07|photo658864.jpg
284148|2010-03-26 23:31:42|
810268|2010-03-27 00:03:12|
571561|2010-03-27 00:04:42|
751090|2010-03-27 00:08:27|
571550|2010-03-27 00:19:42|
1077610|2010-03-27 00:45:12|
571552|2010-03-27 01:34:42|
571556|2010-03-27 02:09:12|
810275|2010-03-27 02:12:12|
968292|2010-03-27 02:17:27|
63689|2010-03-27 02:27:32|photo63689.jpg
63690|2010-03-27 02:27:33|photo63690.jpg
63691|2010-03-27 02:27:34|photo63691.jpg
63692|2010-03-27 02:27:35|photo63692.jpg
63693|2010-03-27 02:27:36|photo63693.jpg
63694|2010-03-27 02:27:37|photo63694.jpg
63695|2010-03-27 02:27:38|photo63695.jpg
63696|2010-03-27 02:27:39|photo63696.jpg
63697|2010-03-27 02:27:40|photo63697.jpg
63698|2010-03-27 02:27:41|photo63698.jpg
63699|2010-03-27 02:27:42|photo63699.jpg
63700|2010-03-27 02:27:43|photo63700.jpg
63701|2010-03-27 02:27:44|photo63701.jpg
63702|2010-03-27 02:27:45|photo63702.jpg
63703|2010-03-27 02:27:46|photo63703.jpg
63704|2010-03-27 02:27:47|photo63704.jpg
968298|2010-03-27 02:51:12|
892358|2010-03-27 04:20:27|
864035|2010-03-27 04:37:47|photo864035.jpg
864036|2010-03-27 04:37:48|photo864036.jpg
864037|2010-03-27 04:37:49|photo864037.jpg
284110|2010-03-27 04:40:42|
284140|2010-03-27 05:24:57|
571537|2010-03-27 05:28:42|
571509|2010-03-27 05:46:49|
1314649|2010-03-27 06:10:36|
723086|2010-03-27 06:20:26|
1301376|2010-03-27 06:47:59|
216035|2010-03-27 08:15:22|photo216035.jpg
216036|2010-03-27 08:15:23|photo216036.jpg
216037|2010-03-27 08:15:24|photo216037.jpg
216038|2010-03-27 08:15:25|photo216038.jpg
216039|2010-03-27 08:15:26|photo216039.jpg
216040|2010-03-27 08:15:27|photo216040.jpg
216041|2010-03-27 08:15:28|photo216041.jpg
216042|2010-03-27 08:15:29|photo216042.jpg
216043|2010-03-27 08:15:30|photo216043.jpg
216044|2010-03-27 08:15:31|photo216044.jpg
216045|2010-03-27 08:15:32|photo216045.jpg
216046|2010-03-27 08:15:33|photo216046.jpg
216047|2010-03-27 08:15:34|photo216047.jpg
810265|2010-03-27 08:24:12|
571543|2010-03-27 08:46:42|
404278|2010-03-27 10:21:06|
298578|2010-03-27 11:39:57|
298574|2010-03-27 13:18:12|
1314636|2010-03-27 14:53:21|
1039772|2010-03-27 15:01:05|photo1039772.jpg
1039773|2010-03-27 15:01:06|photo1039773.jpg
1039774|2010-03-27 15:01:07|photo1039774.jpg
1039775|2010-03-27 15:01:08|photo1039775.jpg
1039776|2010-03-27 15:01:09|photo1039776.jpg
1039777|2010-03-27 15:01:10|photo1039777.jpg
1039778|2010-03-27 15:01:11|photo1039778.jpg
1039779|2010-03-27 15:01:12|photo1039779.jpg
1039780|2010-03-27 15:01:13|photo1039780.jpg
1039781|2010-03-27 15:01:14|photo1039781.jpg
1039782|2010-03-27 15:01:15|photo1039782.jpg
1039783|2010-03-27 15:01:16|photo1039783.jpg
1039784|2010-03-27 15:01:17|photo1039784.jpg
1039785|2010-03-27 15:01:18|photo1039785.jpg
1039786|2010-03-27 15:01:19|photo1039786.jpg
1039787|2010-03-27 15:01:20|photo1039787.jpg
810261|2010-03-27 15:22:42|
892363|2010-03-27 15:42:12|
1244697|2010-03-27 15:45:51|
284131|2010-03-27 16:12:57|
1076648|2010-03-27 16:14:21|
284106|2010-03-27 17:35:27|
810270|2010-03-27 18:15:57|
330474|2010-03-27 19:03:12|
1077613|2010-03-27 19:04:42|
864466|2010-03-27 19:23:44|
404183|2010-03-27 20:12:51|
1049777|2010-03-27 20:45:08|photo1049777.jpg
1049778|2010-03-27 20:45:09|photo1049778.jpg
1049779|2010-03-27 20:45:10|photo1049779.jpg
1049780|2010-03-27 20:45:11|photo1049780.jpg
1049781|2010-03-27 20:45:12|photo1049781.jpg
404168|2010-03-27 20:47:21|
1244653|2010-03-27 20:50:21|
690711|2010-03-27 21:26:21|
404282|2010-03-27 21:40:36|
837088|2010-03-27 21:53:23|
862780|2010-03-27 22:10:16|
1286231|2010-03-27 22:54:44|
1244704|2010-03-27 22:59:21|
1342381|2010-03-27 23:13:08|photo1342381.jpg
1342382|2010-03-27 23:13:09|photo1342382.jpg
1342383|2010-03-27 23:13:10|photo1342383.jpg
431650|2010-03-27 23:36:06|
977155|2010-03-27 23:47:21|
864346|2010-03-28 00:04:50|
284141|2010-03-28 00:10:42|
404192|2010-03-28 01:08:21|
529369|2010-03-28 01:27:06|
977145|2010-03-28 01:37:36|
256548|2010-03-28 01:45:06|
365342|2010-03-28 01:50:21|
1314641|2010-03-28 01:54:06|
298581|2010-03-28 02:09:57|
977147|2010-03-28 03:00:06|
354893|2010-03-28 03:19:36|
256542|2010-03-28 03:26:21|
892794|2010-03-28 03:36:51|
1314626|2010-03-28 04:09:06|
256538|2010-03-28 04:16:38|
1244674|2010-03-28 04:28:36|
404292|2010-03-28 04:40:36|
1244683|2010-03-28 05:03:06|
10723|2010-03-28 05:22:36|
1339434|2010-03-28 05:31:43|
1244635|2010-03-28 05:36:06|
1314630|2010-03-28 05:56:21|
1314648|2010-03-28 05:57:51|
271477|2010-03-28 06:05:51|
1244664|2010-03-28 06:12:51|
1049820|2010-03-28 06:43:25|photo1049820.jpg
1049821|2010-03-28 06:43:26|photo1049821.jpg
1049822|2010-03-28 06:43:27|photo1049822.jpg
1049823|2010-03-28 06:43:28|photo1049823.jpg
1049824|2010-03-28 06:43:29|photo1049824.jpg
1049825|2010-03-28 06:43:30|photo1049825.jpg
1049826|2010-03-28 06:43:31|photo1049826.jpg
1049827|2010-03-28 06:43:32|photo1049827.jpg
1049828|2010-03-28 06:43:33|photo1049828.jpg
1049829|2010-03-28 06:43:34|photo1049829.jpg
1049830|2010-03-28 06:43:35|photo1049830.jpg
256553|2010-03-28 06:55:36|
658589|2010-03-28 07:30:24|
810266|2010-03-28 07:39:12|
256549|2010-03-28 07:54:51|
1314644|2010-03-28 08:03:51|
431654|2010-03-28 08:39:06|
1355426|2010-03-28 09:03:06|
644554|2010-03-28 09:13:36|
331323|2010-03-28 09:20:33|
1076649|2010-03-28 09:24:51|
1314659|2010-03-28 09:25:36|
458951|2010-03-28 09:31:36|
1076646|2010-03-28 09:38:21|
1105403|2010-03-28 10:14:03|photo1105403.jpg
1105404|2010-03-28 10:14:04|photo1105404.jpg
1105405|2010-03-28 10:14:05|photo1105405.jpg
1105406|2010-03-28 10:14:06|photo1105406.jpg
1105407|2010-03-28 10:14:07|photo1105407.jpg
1105408|2010-03-28 10:14:08|photo1105408.jpg
1105409|2010-03-28 10:14:09|photo1105409.jpg
1105410|2010-03-28 10:14:10|photo1105410.jpg
1105411|2010-03-28 10:14:11|photo1105411.jpg
1105412|2010-03-28 10:14:12|photo1105412.jpg
1105413|2010-03-28 10:14:13|photo1105413.jpg
1105414|2010-03-28 10:14:14|photo1105414.jpg
1314657|2010-03-28 10:19:36|
529370|2010-03-28 10:21:51|
1314643|2010-03-28 10:32:21|
404259|2010-03-28 10:39:51|
458952|2010-03-28 10:54:06|
404285|2010-03-28 11:15:06|
1337741|2010-03-28 11:31:26|
723508|2010-03-28 12:01:26|
10724|2010-03-28 12:02:21|
892792|2010-03-28 12:02:21|
644540|2010-03-28 12:03:51|
1244641|2010-03-28 12:09:06|
977153|2010-03-28 12:26:21|
1244639|2010-03-28 12:36:51|
404322|2010-03-28 12:38:21|
404172|2010-03-28 12:40:36|
256541|2010-03-28 12:48:51|
1244699|2010-03-28 12:54:06|
458956|2010-03-28 12:55:36|
46793|2010-03-28 12:57:41|
458955|2010-03-28 13:03:51|
644562|2010-03-28 13:06:06|
404177|2010-03-28 13:23:21|
947206|2010-03-28 13:25:58|
644541|2010-03-28 13:27:51|
458950|2010-03-28 13:44:21|
330464|2010-03-28 13:46:36|
644564|2010-03-28 13:49:36|
458953|2010-03-28 14:03:06|
458963|2010-03-28 14:34:36|
458959|2010-03-28 14:42:51|
256552|2010-03-28 14:49:36|
168142|2010-03-28 15:01:36|
330473|2010-03-28 15:03:51|
404291|2010-03-28 15:08:21|
1398558|2010-03-28 15:21:30|photo1398558.jpg
1398559|2010-03-28 15:21:31|photo1398559.jpg
1398560|2010-03-28 15:21:32|photo1398560.jpg
1398561|2010-03-28 15:21:33|photo1398561.jpg
1398562|2010-03-28 15:21:34|photo1398562.jpg
1398563|2010-03-28 15:21:35|photo1398563.jpg
1398564|2010-03-28 15:21:36|photo1398564.jpg
1398565|2010-03-28 15:21:37|photo1398565.jpg
1244656|2010-03-28 15:28:36|
