3981|3627
3981|1099511627912
974|3705
974|941
974|1099511631424
974|4607
974|1099511631072
974|1099511628661
974|1099511631068
1564|3825
1564|143
1564|1079
1564|459
1564|683
1564|4018
1564|1925
1564|3587
1564|1793
1564|1099511631015
1564|1099511630967
1564|1099511630297
1564|1099511630314
1564|1099511630669
1564|1099511628968
1564|1099511630290
1564|1099511628093
1564|1099511628501
1564|1099511628310
1564|2199023256649
1564|2199023258673
1564|1099511629572
4661|1949
4661|465
4661|1099511631424
4661|1099511628642
4661|1099511629352
4661|1099511632099
3825|1564
3825|2783
3825|870
3825|1099511632098
3825|1099511628968
3825|1099511631980
3825|1099511629430
2608|3633
2608|2886
2608|94
2608|4555
2608|3705
2608|1131
2608|1269
2608|4231
2608|3192
2608|4577
2608|4290
2608|3924
2608|4465
2608|4528
2608|1847
2608|3039
2608|2194
2608|2329
2608|1099511631424
2608|3060
2608|1791
2608|2874
2608|1099511630163
2608|1099511628305
2608|1099511629960
2608|1099511630088
2608|1099511630436
2608|1099511630552
2608|1099511632751
2608|1099511629040
2608|1099511631018
2608|1099511630454
2608|2199023257466
2608|1099511629948
3633|2608
3633|555
3633|2886
3633|3748
3633|3192
3633|4290
3633|4688
3633|4577
3633|1161
3633|3924
3633|4528
3633|3039
3633|4465
3633|3780
3633|3060
3633|1099511630737
2886|2608
2886|4231
2886|3705
2886|3633
2886|4511
2886|555
2886|3412
2886|4693
2886|250
2886|1269
2886|1161
2886|4465
2886|2194
2886|3060
2886|1847
2886|2874
2886|3039
2886|4528
2886|609
2886|1099511631424
2886|1099511631132
2886|1099511631095
2886|1099511630682
2886|1099511629672
2886|1099511630552
2886|1099511629479
2886|1099511628405
2886|2199023259227
143|1564
143|4755
143|4555
143|238
143|3627
143|1103
143|1219
143|318
143|870
143|3587
143|2965
143|1099511628460
143|1099511632098
143|1099511628661
143|1099511631578
143|1099511628310
459|1259
459|4273
459|1160
459|1564
459|4644
459|4281
459|3627
459|2519
459|4615
459|1099511631424
459|1099511628041
459|1099511628754
459|1099511628301
459|1099511628079
459|1099511630039
459|1099511628111
459|1099511631980
1259|459
1259|3962
1259|3705
1259|2519
1259|1099511628524
1259|1099511628754
1259|1099511632213
1259|1099511632099
1259|1099511632352
94|555
94|2608
94|1874
94|250
94|1269
94|985
94|2285
94|1161
94|1099511629040
94|2199023258320
555|94
555|3633
555|4273
555|3092
555|2886
555|3412
555|3705
555|4511
555|4831
555|1269
555|1847
555|4528
555|1874
555|1481
555|3748
555|1161
555|250
555|2285
555|985
555|2197
555|1099511631132
555|1099511632742
555|1099511629479
555|1099511628642
555|1099511629672
555|1099511628627
555|1099511628754
555|1099511627782
555|1099511632669
555|1099511630761
2214|4511
2214|344
2214|4233
2214|2698
2214|2194
2214|1099511627912
2214|1099511632283
2214|1099511630290
2214|2199023256352
4511|2214
4511|2886
4511|555
4511|3039
4511|2194
4511|3060
4511|2874
4511|1099511628754
4555|2608
4555|2783
4555|143
4555|4644
4555|2004
4555|1434
4555|2269
4555|1222
4555|1490
4555|4577
4555|2099
4555|2266
4555|3528
4555|2874
4555|4607
4555|1099511632001
4555|3309
4555|1099511631249
4555|1099511630297
4555|4952
4555|4194
4555|1099511629679
4555|1099511628211
4555|1099511631898
4555|1099511628273
4555|1099511628754
4555|1099511631950
4555|1099511628817
4555|1099511628349
4555|1099511632373
4555|1099511630588
4555|1099511631630
4555|1099511629352
4555|1099511629040
4555|2199023256649
4555|2199023256132
4555|2199023258686
4555|2199023256610
4555|2199023259748
4555|2199023255837
2788|2698
2788|609
2788|1099511628661
2788|2199023256649
4231|2886
4231|2608
4231|1161
4231|1099511631424
4273|459
4273|555
4273|4644
4273|3412
4273|96
4273|1355
4273|3705
4273|4005
4273|2194
4273|870
4273|3780
4273|1099511631838
4273|1099511631283
4273|1099511632421
4273|1099511629519
4273|1099511628501
4273|1099511632669
4273|2199023255593
4273|2199023258605
3217|4534
3217|1099511629287
3217|1099511628501
3705|2886
3705|974
3705|2608
3705|1259
3705|555
3705|3412
3705|4273
3705|4005
3705|4766
3705|4018
3705|4822
3705|4047
3705|1099511632601
3705|1099511631838
3705|1099511632315
3705|1099511631068
3705|1099511629479
3705|1099511632041
3705|1099511628744
3705|1099511629073
3705|2199023256352
3705|2199023257466
2191|4139
2191|4986
2191|1959
2191|3500
2191|1099511629595
2191|2199023257097
2191|2199023260094
2004|4555
2004|1099511631424
2004|1099511628501
2004|2199023258386
2004|1099511629040
2004|1099511628680
2004|2199023257466
4755|143
4755|2783
4755|2317
4755|4986
4755|1099511629258
4755|1099511632098
407|3331
407|1099511628378
407|1099511631283
407|1099511631844
407|1099511628176
407|1099511628022
407|1099511629040
1079|1564
1079|1099511631482
1103|2783
1103|238
1103|143
1103|1753
1103|3587
1103|4408
1103|2266
1103|1099511629572
2783|1103
2783|4755
2783|4555
2783|768
2783|1222
2783|1050
2783|3055
2783|1077
2783|1922
2783|619
2783|4281
2783|3825
2783|2079
2783|3331
2783|1979
2783|987
2783|2310
2783|2317
2783|3120
2783|250
2783|4008
2783|1984
2783|1573
2783|1726
2783|4615
2783|1099511631424
2783|870
2783|3791
2783|4607
2783|1099511629521
2783|1099511631072
2783|3911
2783|1099511629367
2783|1099511630967
2783|2559
2783|1099511630189
2783|1099511630960
2783|1099511628776
2783|1099511628892
2783|1099511631947
2783|1099511628858
2783|1099511627984
2783|1099511628760
2783|1099511631950
2783|1099511631482
2783|1099511631126
2783|1099511630087
2783|1099511628661
2783|1099511630154
2783|1099511628111
2783|1099511631844
2783|1099511631981
2783|1099511631914
2783|1099511632296
2783|1099511631802
2783|1099511628177
2783|1099511632772
2783|1099511629040
2783|1099511629143
2783|2199023258772
2783|2199023258642
2783|2199023257942
2783|2199023255890
2917|1274
2917|1099511629430
2023|1355
2023|1099511629287
2023|2199023256824
2609|1481
2609|1099511631072
3315|1099511629359
3315|4534
150|3962
150|2588
150|998
150|1099511628378
150|1099511628661
150|1099511631587
4986|2191
4986|4755
4986|1099511630680
4986|4607
4986|1099511629258
4986|1099511630952
4986|2199023260094
4577|4831
4577|3412
4577|4693
4577|2608
4577|4555
4577|4290
4577|4688
4577|3748
4577|3633
4577|3780
4577|3924
4577|3039
4577|4528
4577|4465
4577|1099511629672
4577|1099511628642
4577|1099511629960
4577|1099511629479
4577|1099511629845
4577|1099511629948
4577|1099511629040
2862|2194
2862|1099511632098
2862|1099511630737
3962|1259
3962|150
3962|1148
3962|998
3962|3219
3962|1099511629769
3962|1099511628892
3962|1099511627912
3962|1099511632432
3962|1099511631587
3412|4005
3412|3748
3412|3192
3412|555
3412|4693
3412|4290
3412|4273
3412|4577
3412|3705
3412|2886
3412|4465
3412|3780
3412|3039
3412|4766
3412|1099511631424
3412|1099511632742
3412|2199023257352
3412|2199023256940
3412|1099511630454
3412|2199023255593
3412|2199023256318
4005|3412
4005|4273
4005|3705
4005|4233
4005|4689
4005|2194
4005|1099511631283
4005|1099511631424
768|2783
768|2194
1242|4624
1242|3606
1242|1099511631980
4693|3412
4693|2886
4693|4577
4693|3924
4693|4528
4693|3060
4693|2874
687|2329
687|2194
687|2817
687|3039
3748|3412
3748|3633
3748|4831
3748|3924
3748|4290
3748|4848
3748|555
3748|4577
3748|1847
3748|4528
3748|1161
3748|3039
3748|1099511628642
3748|4465
3748|3060
3748|2874
3748|3780
3748|1099511630682
3748|2817
3748|1099511631424
3748|1099511631917
3748|1099511628571
3748|1099511631199
3748|2199023256115
3748|1099511630454
3748|2199023256590
267|1099511630737
3331|407
3331|2783
3331|1099511631283
3331|1099511628176
3331|1099511630114
3331|1099511628022
683|1274
683|1564
683|3606
683|4534
3092|555
3092|1847
3092|2194
4644|4555
4644|4273
4644|459
4644|4281
4644|941
4644|1099511632488
4644|1099511630290
238|1103
238|143
238|4178
238|1355
238|2266
238|345
238|2194
238|1099511630703
238|1099511631980
1434|4555
4624|1242
4624|1847
4624|1160
4624|344
4624|2194
4624|1099511628122
4624|1099511630776
4624|1099511629948
4624|2199023256115
4624|2199023257979
1222|2783
1222|4555
1222|3606
1222|1274
1222|4418
1050|2783
1050|1099511631072
1050|1099511630113
1050|1099511630776
1050|1099511631482
1050|1099511628748
1050|1099511630588
1050|1099511630154
1050|2199023259517
1050|1099511629040
1050|2199023256610
3688|4139
3688|1099511630235
3688|1099511631018
3688|1099511628575
3688|2199023256132
3688|2199023257466
2269|4555
2269|1161
2269|1099511629040
4831|3748
4831|4577
4831|555
4831|4688
4831|3780
4831|4689
987|3670
987|4233
987|2783
987|3219
987|4008
987|4689
987|2165
987|2706
987|1793
987|1099511629105
987|1099511629359
987|1099511630680
987|1099511628545
987|1099511630967
987|1099511631482
987|1099511628093
987|1099511628501
987|1099511631980
987|1099511632296
987|2199023255983
987|1099511629572
4848|1949
4848|4178
4848|3748
4848|296
4848|3454
4848|1984
4848|2519
4848|1099511630163
4848|4607
4848|1099511629672
4848|1099511629845
4848|1099511631095
4848|1099511630661
4848|1099511628079
4848|1099511628661
4848|1099511630454
4848|2199023256332
4848|2199023256590
4848|2199023256115
4848|1099511631925
2317|2530
2317|1481
2317|3067
2317|4755
2317|1355
2317|2783
2317|4139
2317|4607
2317|1099511631424
2317|1099511628661
2317|1099511631898
2317|1099511630154
2317|2199023259854
2530|2317
2530|4139
2530|2292
2530|3231
2530|4607
2530|1099511628205
2530|1099511630952
2530|1099511628748
4178|4848
4178|238
4178|3325
4178|4688
4178|4018
4178|1099511629672
4178|1099511629479
4178|1099511629287
4178|1099511632751
4178|2199023256115
1274|683
1274|3247
1274|3219
1274|2917
1274|1222
1274|3522
1274|1925
1274|870
1274|2559
1274|1099511632044
1274|3309
1274|1099511630297
1274|1099511630967
1274|1099511630354
1274|1099511632432
1274|1099511628612
1274|1099511629960
1274|1099511631630
1274|1099511628310
1274|1099511631980
1274|1099511628022
1274|1099511629430
1490|4506
1490|4555
1490|1644
1490|1925
1490|1099511630634
1490|1099511631844
1490|1099511628255
1490|2199023256824
4506|1490
3192|3412
3192|3633
3192|2608
3192|1161
3192|3039
3192|3060
3192|2874
3192|1099511631424
4139|1269
4139|2191
4139|2530
4139|378
4139|3688
4139|318
4139|1984
4139|4952
4139|976
4139|102
4139|619
4139|2304
4139|2052
4139|2317
4139|345
4139|2698
4139|4157
4139|1099511630113
4139|1099511631747
4139|1099511629258
4139|1099511631226
4139|1099511631204
4139|1573
4139|1099511631444
4139|1099511630163
4139|4615
4139|1099511628321
4139|1099511631649
4139|1099511628176
4139|1509
4139|1099511628205
4139|1099511628378
4139|1099511632283
4139|1099511630588
4139|1099511632373
4139|1099511628079
4139|1099511630976
4139|1099511632632
4139|1099511631578
4139|1099511628913
4139|1099511630737
4139|1099511631980
4139|1099511630154
4139|1099511629877
4139|2199023260094
4139|1099511628310
4139|2199023257748
4139|1099511628111
4139|1099511632352
4139|2199023256182
4139|1099511632772
4139|2199023255872
4139|2199023259663
4139|2199023259489
4418|1222
4418|1099511631072
4418|3212
4418|1099511629359
4418|1099511629352
3764|1355
3764|1099511631072
3764|2817
3764|1099511631482
3764|1099511629287
3764|1099511631587
3627|143
3627|459
3627|3981
3627|2698
3627|2519
3627|4279
3627|870
3627|1125
3627|1099511629096
3627|1099511630947
3627|1099511630297
3627|1099511629595
3627|1099511629117
3627|1099511631947
3627|1099511629741
3627|1099511628310
3627|1099511630737
3627|2199023259854
3627|2199023257979
3627|1099511629040
3055|2783
3055|3231
3055|1099511629463
3055|1099511628205
3055|1099511631578
3055|1099511629352
1160|459
1160|4624
1160|1099511630737
4281|2783
4281|459
4281|4644
4281|1099511628754
4281|1099511628501
4281|1099511630039
1959|2191
1959|2519
1959|998
1959|1099511628457
1959|1099511631587
4290|3412
4290|3633
4290|3748
4290|4577
4290|1847
4290|4688
4290|2608
4290|4465
4290|4528
4290|3924
4290|3780
4290|2874
4290|1099511629000
4290|2199023258254
1355|2023
1355|4273
1355|238
1355|3764
1355|2317
1355|2194
1355|3755
1355|941
1355|2817
1355|2845
1355|1099511630201
1355|1099511628378
1355|1099511631168
1355|1099511631898
1131|2608
1131|1847
1131|250
1131|1269
1131|1874
1131|1161
1131|2197
1131|3039
1131|2285
1131|985
1131|1099511629040
1077|2783
2310|2783
2310|2194
2310|1099511629367
2310|1099511629105
2310|1099511628405
2310|1099511631482
2310|1099511631980
2310|2199023258642
3539|3924
3539|1269
3539|3039
3539|1099511629672
3539|1099511630379
3539|1099511630415
3539|1099511632632
3539|1099511629940
3539|1099511628501
1922|2783
1922|1099511628301
2292|344
2292|2530
2292|2698
2292|4157
2292|1099511628205
2292|1099511630806
2292|1099511632515
2292|1099511628255
4018|1564
4018|3705
4018|4178
4018|1099511628892
4018|1099511628524
4018|1099511629287
4018|1099511630204
4018|1099511632283
4018|1099511632387
619|2783
619|3587
619|4139
619|1099511632098
250|1481
250|2886
250|94
250|555
250|1131
250|2783
250|609
250|1161
250|3060
250|985
250|1099511628754
1481|250
1481|2317
1481|2609
1481|555
1481|1161
1481|2874
1481|3060
1481|1099511632515
1269|4139
1269|2608
1269|555
1269|4822
1269|1161
1269|3924
1269|2886
1269|3539
1269|1131
1269|2843
1269|3060
1269|1874
1269|94
1269|1847
1269|2329
1269|1099511628460
1269|1099511629845
1269|1099511629940
1269|2199023258320
318|143
318|4139
318|3722
318|102
318|3606
318|4534
318|1099511628524
318|1099511631844
318|1099511629614
318|1099511629367
318|1099511629287
318|1099511631578
318|1099511632362
318|1099511629040
96|4273
96|1099511628754
4688|3633
4688|3924
4688|4577
4688|4290
4688|4831
4688|4528
4688|4178
4688|3780
4688|1099511629672
4688|1099511628642
4688|1099511630776
4688|1099511632742
4688|1099511628629
4688|1099511629519
4688|1099511629479
4688|1099511629845
4688|1099511628460
4688|1099511632421
4688|1099511630504
4688|1099511631844
4688|1099511629287
4688|2199023259227
4688|2199023256590
4688|1099511632751
4688|2199023256115
4688|1099511630454
4688|2199023257352
1148|3962
1148|2194
932|3716
3716|932
3670|987
3670|609
3670|1099511629258
3670|1099511632098
3670|1099511628211
3670|1099511628301
3670|1099511630114
3670|1099511630504
3924|4688
3924|3748
3924|3539
3924|1269
3924|2608
3924|4465
3924|3780
3924|4693
3924|4290
3924|4528
3924|3633
3924|4577
3924|1099511628642
3924|3039
3924|1099511630379
3924|1099511630415
3924|1099511630682
3924|1099511628754
3924|1099511630454
3924|1099511629940
1949|4848
1949|4661
1949|609
1949|1099511628642
1949|1099511630737
3949|2199023260352
2588|150
2588|1925
2588|1099511628457
2588|1099511631226
2588|1099511631980
2588|1099511630039
2588|1099511629456
3120|2783
3120|1099511632098
3120|1099511631980
1219|143
1219|870
1219|1099511628176
1219|1099511632098
1219|2199023260352
583|1099511631424
583|2199023256115
3067|2317
3067|1753
3067|296
2079|2783
2079|1099511630252
2079|1099511630952
2079|1099511630114
2079|1099511631980
4827|1099511629479
4460|1099511629479
998|3962
998|1925
998|1959
998|4822
998|150
998|1099511632001
998|4242
998|3309
998|1099511631226
998|3039
998|1099511630379
998|1099511629595
998|1099511631797
998|1099511628255
998|1099511629456
998|2199023260352
3722|318
3722|2698
3944|1099511631980
4233|987
4233|2214
4233|4005
4233|2698
4233|2194
4233|3231
4233|1099511630680
4233|4689
4233|1099511628093
4233|1099511628301
4233|1099511628501
4233|1099511628160
4233|1099511630154
4233|1099511629572
2135|4534
2135|1099511631424
2135|1099511628378
2135|1099511628524
2135|1099511631844
2135|1099511631068
2135|2199023258673
2135|1099511629040
4008|2783
4008|987
4008|1099511628661
4008|1099511630504
1753|1103
1753|290
1753|465
1753|3067
1753|3325
1753|1099511631323
1753|1099511629258
1753|1099511631947
1753|1099511630797
1753|1099511630252
1753|1099511631925
1753|2199023256332
1753|2199023257748
344|2292
344|2214
344|4624
344|2194
344|1099511627912
344|1099511629463
344|1099511631980
344|1099511629940
3454|4848
3454|1099511631424
3676|1099511631424
290|1753
290|1099511631424
290|1099511632099
290|2199023259414
3522|1274
3522|1099511628892
3522|1099511628501
3522|1099511631980
1847|555
1847|1131
1847|3748
1847|4290
1847|3092
1847|4624
1847|1874
1847|2285
1847|2886
1847|2608
1847|1161
1847|4465
1847|1269
1847|4766
1847|1099511632742
1847|2329
1847|2874
1847|1099511630379
1847|1099511629672
1847|1099511632421
1847|1099511630940
1847|1099511630776
1847|1099511629845
1847|1099511629519
1847|1099511628651
1847|1099511629948
1847|1099511629040
1847|1099511630454
1847|2199023257352
1847|2199023257701
1847|2199023256318
465|4661
465|1753
465|1099511628642
465|1099511632669
465|1099511629352
465|1099511632099
465|2199023259961
4528|555
4528|2330
4528|2608
4528|4688
4528|4290
4528|4465
4528|3924
4528|3633
4528|4693
4528|3748
4528|2886
4528|3780
4528|4577
4528|4047
4528|1099511628642
4528|2874
4528|1099511628629
4528|1099511631095
4528|3039
4528|1099511630088
4528|1099511629479
4528|1099511630552
4528|1099511629519
4528|1099511628164
4528|1099511632669
4528|2199023258095
4528|2199023257466
4528|2199023256590
4528|2199023257352
3247|1274
3247|1099511629359
1979|2783
1874|555
1874|94
1874|1847
1874|2285
1874|1269
1874|1131
1874|1161
1874|2874
1874|2329
3175|1099511631424
4822|1269
4822|998
4822|3705
378|4139
378|4607
378|1099511632098
378|1099511628661
378|1099511629430
378|2199023257480
1161|555
1161|2843
1161|3192
1161|1269
1161|2886
1161|941
1161|3633
1161|3060
1161|4465
1161|3528
1161|2197
1161|1847
1161|1131
1161|4231
1161|3748
1161|2269
1161|2874
1161|1874
1161|2329
1161|1481
1161|250
1161|94
1161|3039
1161|985
1161|1734
1161|2194
1161|1099511628627
1161|1099511631424
1161|1099511628211
1161|1099511628642
1161|1099511630552
1161|1099511628754
1161|1099511628501
1161|1099511629040
1161|1099511628651
3219|987
3219|1274
3219|3962
3219|4689
3219|1099511629000
3219|2199023255983
2843|1161
2843|1269
2843|2194
2843|1099511628754
3606|1222
3606|683
3606|1242
3606|318
3606|2845
3606|1099511631018
3606|1099511630252
3606|1099511628122
3606|1099511631980
3606|2199023258673
3587|619
3587|2738
3587|454
3587|143
3587|941
3587|1103
3587|1564
3587|1099511632392
3587|870
3587|1099511628301
3587|1099511628095
3587|1099511631898
3587|1099511629430
3587|1099511632352
2099|4555
2099|1099511629359
2099|1099511629040
3781|2698
1984|4139
1984|2783
1984|4848
2330|4528
4952|4139
4952|4555
976|4139
976|3780
4607|378
4607|1129
4607|2317
4607|4555
4607|2530
4607|2783
4607|4848
4607|974
4607|4986
4607|1099511631226
4607|1099511628661
4607|1099511632155
4607|1099511630952
4607|2199023256940
4607|1099511629430
4607|2199023255872
1921|1099511631980
3325|4178
3325|1753
3325|1099511630163
3325|1099511630737
3661|1099511629359
4465|2608
4465|3924
4465|4290
4465|2886
4465|4528
4465|3780
4465|1161
4465|1847
4465|2817
4465|3412
4465|3748
4465|4577
4465|3060
4465|3633
4465|1099511630454
4465|1099511630737
2698|3627
2698|3781
2698|4233
2698|2788
2698|4139
2698|668
2698|2214
2698|4157
2698|4279
2698|870
2698|2292
2698|3722
2698|1099511629679
2698|1099511627984
2698|1099511629463
2698|1099511632098
2698|1099511631018
2698|1099511632283
2698|2199023256649
2698|2199023256352
3780|3924
3780|2194
3780|4577
3780|3060
3780|4465
3780|4290
3780|985
3780|4831
3780|4688
3780|4528
3780|4273
3780|976
3780|2874
3780|3412
3780|3633
3780|3748
3780|1099511629672
3780|1099511632601
3780|1099511630088
3780|1099511629845
3780|1099511628754
3780|1099511632205
3780|1099511629948
3780|1099511632632
3780|2199023259227
3780|1099511630454
3780|2199023259517
3780|2199023256115
2165|987
2165|1099511628255
2194|2862
2194|3780
2194|1355
2194|2886
2194|4598
2194|4273
2194|2370
2194|939
2194|3897
2194|344
2194|2310
2194|4766
2194|4408
2194|2608
2194|4005
2194|687
2194|4511
2194|3991
2194|1791
2194|238
2194|1148
2194|768
2194|668
2194|2214
2194|3779
2194|4624
2194|296
2194|4892
2194|985
2194|1099511630966
2194|3092
2194|2843
2194|3994
2194|4233
2194|959
2194|941
2194|1099511628571
2194|2817
2194|1161
2194|1549
2194|1099511627912
2194|2048
2194|1099511630654
2194|1099511630252
2194|1099511629508
2194|1099511631226
2194|1099511628524
2194|1099511632456
2194|1099511631439
2194|1099511629463
2194|1099511632283
2194|1099511629501
2194|1099511631018
2194|1099511628661
2194|1099511632632
2194|1099511627884
2194|1099511628041
2194|1099511628545
2194|1099511630290
2194|1099511628160
2194|1099511630403
2194|1099511630947
2194|1099511632213
2194|1099511629456
2194|1099511629960
2194|1099511630552
2194|1099511631199
2194|1099511630737
2194|1099511627971
2194|1099511630504
2194|1099511629040
2194|1099511632772
2194|1099511627909
2194|2199023259854
2194|2199023258095
2194|2199023260094
2194|2199023259841
2194|2199023257097
1644|1490
1644|1099511628022
772|1099511628122
772|1099511629105
772|1099511628501
772|1099511631844
772|2199023260352
772|2199023258386
2738|3587
2519|1959
2519|4353
2519|4848
2519|1259
2519|459
2519|3627
2519|102
2519|1099511628754
2519|2199023256132
2519|2199023256182
941|3274
941|974
941|1355
941|1161
941|4644
941|3587
941|2194
941|1099511631072
941|1099511630963
941|1099511632669
941|1099511631068
941|2199023260352
3274|941
3274|296
3274|1099511629741
3274|1099511632488
3274|1099511630737
3755|1355
3755|1099511631980
1925|2588
1925|998
1925|1490
1925|1274
1925|1564
1925|1099511631424
1925|1099511629359
296|4848
296|3274
296|3067
296|2194
296|4615
296|1099511628378
296|1099511628041
296|1099511628079
296|1099511632488
296|1099511630154
296|2199023256940
296|2199023257021
102|4139
102|318
102|2965
102|2519
102|1099511631018
102|1099511630235
102|1099511631578
102|1099511629287
102|1099511630264
102|1099511629430
2285|1847
2285|555
2285|1874
2285|94
2285|1131
2285|2329
2285|1099511628754
2285|1099511630737
2266|4555
2266|238
2266|1103
2266|1099511631980
2266|2199023260352
3212|4534
3212|4418
3212|1099511630797
3212|1099511630341
3212|1099511630189
3212|1099511629287
4353|2519
4353|4534
4353|1099511630189
4353|1099511630634
4353|1099511632213
3528|4555
3528|1161
3528|1099511629040
3500|2191
3500|1099511632352
3060|3780
3060|2886
3060|1269
3060|1161
3060|2874
3060|609
3060|4693
3060|1099511628642
3060|3748
3060|250
3060|2608
3060|4465
3060|3192
3060|3633
3060|4511
3060|1481
3060|3039
3060|1099511632601
3060|1099511629960
3060|1099511629519
3060|1099511630552
3060|2199023257352
3060|1099511632041
3060|2199023259961
3601|1099511631424
3601|1099511631587
2304|4139
1129|4607
870|143
870|1219
870|4273
870|2783
870|3627
870|3825
870|1274
870|3587
870|2698
870|1099511629096
870|1099511629614
870|1099511628176
870|1099511628575
870|1099511632098
870|1099511628968
870|1099511628501
870|1099511628310
870|2199023260352
870|1099511629430
870|2199023259841
3558|1099511628661
3558|1099511631980
4598|2194
4689|987
4689|3219
4689|4831
4689|4005
4689|4233
4689|1099511632600
4689|1099511629258
4689|1099511630189
4689|1099511630504
4689|1099511629000
3231|1099511629411
3231|2530
3231|3055
3231|4233
3231|1099511628205
3231|1099511629463
2874|2886
2874|4290
2874|3060
2874|4555
2874|1161
2874|1481
2874|3780
2874|3039
2874|2608
2874|3748
2874|4693
2874|4528
2874|1874
2874|4511
2874|3192
2874|1847
2874|1099511630204
2874|1099511628575
2874|1099511630504
2874|1099511630454
2052|4139
609|1949
609|3670
609|250
609|2788
609|3060
609|345
609|2886
609|1099511628211
609|1099511628405
609|1099511632669
609|2199023259961
1726|2783
1726|1099511630154
1573|2783
1573|2845
1573|4534
1573|4139
1573|1099511631018
1573|1099511631980
3760|2817
3760|3039
3760|1099511630114
3682|1099511631424
3682|1099511631980
2370|2194
2370|1099511631844
668|2698
668|2194
668|1099511630252
668|1099511629960
3039|4511
3039|2886
3039|3748
3039|4577
3039|2608
3039|3192
3039|2874
3039|1131
3039|3924
3039|3633
3039|2817
3039|1161
3039|3760
3039|1099511628571
3039|3539
3039|998
3039|3412
3039|4528
3039|687
3039|3060
3039|1099511632421
3039|1099511628629
3039|1099511629479
3039|1099511631444
3039|1099511632742
3039|1099511629845
3039|1099511632099
3039|1099511632106
3039|1099511630454
3039|1099511630504
3039|1099511629948
3039|2199023256318
3039|2199023256115
3039|1099511630761
3039|2199023259227
4766|3705
4766|2194
4766|1847
4766|1099511631283
4766|3412
4766|1099511631980
2197|1161
2197|1131
2197|555
2197|2199023258320
959|2194
959|1099511629040
345|4139
345|238
345|609
345|2199023256211
939|2194
3897|2194
985|555
985|3780
985|94
985|2194
985|250
985|1131
985|1161
985|1099511628754
985|2199023258320
2817|3760
2817|4465
2817|1355
2817|3039
2817|687
2817|2194
2817|3748
2817|3764
2817|2329
2817|1099511631072
2817|1099511628571
2817|1099511631424
2817|1099511630454
2817|2199023256824
2329|687
2329|1161
2329|2608
2329|1269
2329|2285
2329|1847
2329|1874
2329|2817
454|3587
454|1099511632098
4615|2783
4615|459
4615|296
4615|4139
4615|1099511629479
4615|1099511630737
1099511632001|4555
1099511632001|998
1099511628457|1959
1099511628457|2588
1099511628457|2199023256649
1099511629411|3231
1099511629411|1099511628696
1099511629411|1099511631587
3309|4555
3309|998
3309|1274
3309|1099511628575
3309|1099511629430
4408|2194
4408|1103
4408|1099511628501
4408|2199023256940
4534|3212
4534|2135
4534|2965
4534|318
4534|1573
4534|3217
4534|1099511631072
4534|4353
4534|1099511630797
4534|683
4534|1099511630235
4534|1099511632098
4534|1099511630189
4534|3315
4534|1099511628122
4534|1099511632751
4534|1099511628022
4534|1099511629520
4534|1099511631980
4534|1099511630976
4534|1099511628680
4534|1099511629073
4534|1099511632362
4534|1099511629021
4534|1099511632352
1509|4139
1509|2199023258673
1099511631132|555
1099511631132|1099511632742
1099511631132|2886
1099511631132|1099511632421
1099511631132|1099511630682
1099511631132|1099511629479
1099511631132|1099511630504
1099511631132|1099511630454
1099511630163|4848
1099511630163|3325
1099511630163|1099511631424
1099511630163|2608
1099511630163|4139
1099511630163|1099511628680
1099511628892|3522
1099511628892|4018
1099511628892|1099511630189
1099511628892|3962
1099511628892|2783
1099511628892|1099511630504
1099511631424|2783
1099511631424|2608
1099511631424|2135
1099511631424|4765
1099511631424|974
1099511631424|1099511632392
1099511631424|4512
1099511631424|1099511630379
1099511631424|3175
1099511631424|1521
1099511631424|1099511630415
1099511631424|1925
1099511631424|2004
1099511631424|3682
1099511631424|1099511630163
1099511631424|1099511629367
1099511631424|1791
1099511631424|1099511630966
1099511631424|1099511628524
1099511631424|1099511628232
1099511631424|1099511629672
1099511631424|1099511629117
1099511631424|1099511632767
1099511631424|2317
1099511631424|1099511629679
1099511631424|3454
1099511631424|4231
1099511631424|1161
1099511631424|1099511632421
1099511631424|4661
1099511631424|2886
1099511631424|583
1099511631424|459
1099511631424|3748
1099511631424|3601
1099511631424|1099511630682
1099511631424|1099511629479
1099511631424|1099511629769
1099511631424|3412
1099511631424|3676
1099511631424|2817
1099511631424|1099511628800
1099511631424|290
1099511631424|3192
1099511631424|1099511628676
1099511631424|1099511630703
1099511631424|1099511628045
1099511631424|4005
1099511631424|1099511628629
1099511631424|1099511629287
1099511631424|1099511632141
1099511631424|1099511632205
1099511631424|1099511628211
1099511631424|1099511628177
1099511631424|1099511631226
1099511631424|1099511628160
1099511631424|1099511629845
1099511631424|1099511629960
1099511631424|1099511629352
1099511631424|1099511628349
1099511631424|1099511628273
1099511631424|1099511632632
1099511631424|1099511629940
1099511631424|1099511630454
1099511631424|1099511632041
1099511631424|1099511632515
1099511631424|1099511632296
1099511631424|1099511629877
1099511631424|1099511629978
1099511631424|1099511628744
1099511631424|1099511628810
1099511631424|1099511628255
1099511631424|1099511632669
1099511631424|1099511632751
1099511631424|2199023260102
1099511631424|2199023258320
1099511631424|2199023256115
1099511631424|1099511632106
1099511631424|1099511631980
1099511631424|2199023256195
1099511631424|2199023255786
2845|1573
2845|3606
2845|1355
2845|1099511631168
2845|1099511629287
2845|1099511630776
2845|1099511631018
2845|1099511632098
2845|1099511628501
1099511630341|3212
1125|3627
1125|1099511631018
1125|1099511631980
1125|2199023256610
4047|3705
4047|4528
4047|1099511628575
4047|2199023256132
3991|2194
1099511631249|4555
4279|3627
4279|2698
1099511630297|4555
1099511630297|1564
1099511630297|3627
1099511630297|1274
1791|2194
1791|2608
1791|1099511631424
1791|1099511631980
1099511631283|3331
1099511631283|4766
1099511631283|407
1099511631283|4005
1099511631283|4273
1099511631283|1099511628022
2965|4534
2965|102
2965|143
2965|1099511629614
2965|1099511631980
1099511628642|3748
1099511628642|3924
1099511628642|3060
1099511628642|1099511628629
1099511628642|465
1099511628642|4528
1099511628642|4688
1099511628642|4577
1099511628642|1099511630682
1099511628642|1099511629479
1099511628642|4661
1099511628642|555
1099511628642|1161
1099511628642|1099511632128
1099511628642|1949
1099511628642|1099511629519
1099511628642|1099511629672
1099511628642|1099511632742
1099511628642|1099511630088
1099511628642|1099511632041
1099511628642|1099511632099
1099511628642|1099511628164
1099511628642|1099511629430
1099511628642|1099511629352
1099511628642|2199023259109
1099511628642|1099511629040
1099511628642|2199023256590
4157|2698
4157|4139
4157|2292
1099511630235|3688
1099511630235|4534
1099511630235|1099511629367
1099511630235|102
1099511630235|1099511631844
1099511630235|1099511631018
1099511630235|1099511632296
1099511630235|1099511628255
1099511630235|1099511631578
4765|1099511631424
1099511629367|1099511631424
1099511629367|2783
1099511629367|2310
1099511629367|1099511630235
1099511629367|318
1099511629367|1099511630039
3779|2194
3779|1099511631980
1099511630113|4139
1099511630113|1050
1099511631747|4139
1099511628629|1099511628642
1099511628629|4528
1099511628629|1099511629479
1099511628629|4688
1099511628629|3039
1099511628629|1099511631424
1099511628629|1099511629672
1099511628629|1099511628164
1099511628629|1099511629040
1099511628629|2199023257466
1099511631072|4418
1099511631072|4534
1099511631072|2783
1099511631072|3764
1099511631072|1050
1099511631072|941
1099511631072|2609
1099511631072|974
1099511631072|2817
1099511631072|1099511630189
1099511631072|1099511628661
1099511631072|1099511632098
1099511631072|1099511629287
1099511631072|1099511631980
1099511631072|1099511632296
1099511631072|1099511630114
1099511631072|1099511632669
1099511631072|2199023257543
4143|1099511628524
1099511632392|1099511631424
1099511632392|3587
1099511632392|1099511632098
1099511632392|1099511631587
1099511629672|4577
1099511629672|4688
1099511629672|1099511631917
1099511629672|4178
1099511629672|4848
1099511629672|1099511631424
1099511629672|3780
1099511629672|1099511630682
1099511629672|3539
1099511629672|1099511632421
1099511629672|1099511629479
1099511629672|1099511630940
1099511629672|555
1099511629672|1099511630415
1099511629672|1099511628232
1099511629672|1847
1099511629672|1099511630088
1099511629672|2886
1099511629672|1099511628642
1099511629672|1099511628629
1099511629672|1099511629519
1099511629672|1099511629845
1099511629672|1099511629948
1099511629672|1099511630504
1099511629672|2199023256115
1099511629672|2199023260094
1099511629672|1099511630761
1099511629672|1099511629040
1099511629672|2199023260102
3791|2783
3791|1099511631018
4194|4555
4194|1099511630588
4892|2194
4892|1099511630737
4512|1099511631424
4512|1099511628255
1099511630379|1099511631424
1099511630379|3924
1099511630379|1099511630415
1099511630379|998
1099511630379|3539
1099511630379|1847
1099511630379|1099511629940
1099511630379|1099511632632
1099511630966|2194
1099511630966|1099511631424
1099511631204|4139
1099511631204|1099511629430
1099511631204|1099511631980
2706|987
2706|1099511629287
2706|1099511631980
1521|1099511631424
1099511628378|407
1099511628378|150
1099511628378|1933
1099511628378|296
1099511628378|2135
1099511628378|1355
1099511628378|4139
1099511628378|1099511629105
1099511628378|1099511628305
1099511628378|1099511631578
1099511628378|1099511629877
1099511628378|1099511632515
1099511630415|1099511631424
1099511630415|1099511630379
1099511630415|3924
1099511630415|3539
1099511630415|1099511629672
1099511630415|1099511632632
1099511630415|1099511629940
1099511631917|1099511629672
1099511631917|3748
1099511630227|1099511631981
1099511630227|1099511629258
1793|1564
1793|987
1793|1099511631980
3994|2194
1099511629679|4555
1099511629679|2698
1099511629679|1099511628571
1099511629679|1099511631424
1099511629679|1099511629105
1099511629679|2199023256649
1099511629521|2783
1099511630680|4986
1099511630680|4233
1099511630680|987
1099511630680|1099511628093
1099511630680|1099511628301
1099511630680|1099511629572
1099511630680|1099511631587
1099511630680|2199023257466
3911|2783
1099511630960|2783
1099511630960|1099511632515
1099511631015|1564
1099511631015|1099511630967
4242|998
1099511629769|3962
1099511629769|1099511631424
1099511629769|1099511629479
1099511629769|2199023260352
1734|1161
1099511631323|1753
1099511628524|1259
1099511628524|1099511631424
1099511628524|318
1099511628524|4018
1099511628524|2194
1099511628524|4143
1099511628524|2135
1099511628524|1099511630039
1099511628524|1099511630737
1099511628571|3039
1099511628571|2194
1099511628571|1099511629679
1099511628571|2817
1099511628571|1099511630252
1099511628571|3748
1099511628571|1099511628122
1099511628571|1099511630454
1099511628571|1099511628696
1099511628571|1099511630737
1099511629258|4139
1099511629258|4755
1099511629258|1753
1099511629258|3670
1099511629258|4986
1099511629258|1099511631981
1099511629258|4689
1099511629258|1099511630227
1099511629258|1099511632098
1099511629258|1099511630114
1099511629258|1099511631980
1099511629258|2199023257097
1099511629258|2199023256332
2559|1274
2559|2783
2559|1099511629463
1099511631226|4139
1099511631226|998
1099511631226|2588
1099511631226|2194
1099511631226|4607
1099511631226|1099511629117
1099511631226|1099511631424
1099511631226|1099511632315
1099511631226|1099511632515
1099511631226|1099511631980
1099511631226|1099511629430
1099511630967|1564
1099511630967|1099511630189
1099511630967|2783
1099511630967|1099511631015
1099511630967|1274
1099511630967|1099511631482
1099511630967|987
1099511630967|1099511631168
1099511630201|1355
1099511630201|1099511629040
1099511629096|870
1099511629096|3627
1099511630797|4534
1099511630797|1099511630189
1099511630797|3212
1099511630797|1099511631482
1099511630797|1753
1099511630797|1099511631980
1099511630797|2199023256352
1099511628232|1099511631424
1099511628232|1099511629672
1099511631095|4528
1099511631095|2886
1099511631095|4848
1099511631095|1099511629040
1099511630682|1099511628642
1099511630682|3748
1099511630682|1099511629672
1099511630682|1099511631424
1099511630682|1099511629479
1099511630682|1099511632205
1099511630682|3924
1099511630682|2886
1099511630682|1099511632421
1099511630682|1099511631132
1099511630682|1099511630454
1099511630682|1099511630504
1099511630682|1099511629040
1099511630087|2783
1099511628627|1161
1099511628627|555
1099511631976|1099511631980
1549|2194
1099511632742|1847
1099511632742|1099511631132
1099511632742|555
1099511632742|4688
1099511632742|3412
1099511632742|3039
1099511632742|1099511628642
1099511631444|4139
1099511631444|3039
1099511629117|1099511631424
1099511629117|3627
1099511629117|1099511631226
1099511629117|1099511630436
1099511629117|1099511628255
1099511630189|4353
1099511630189|1099511630967
1099511630189|1099511630797
1099511630189|1099511628892
1099511630189|2783
1099511630189|4534
1099511630189|3212
1099511630189|4689
1099511630189|1099511628301
1099511630189|1099511629359
1099511630189|1099511631775
1099511630189|1099511631072
1099511630189|1099511631844
1099511630189|1099511629520
1099511630189|1099511632296
1099511630189|1099511630114
1099511630189|1099511631980
1099511630189|1099511628680
1099511631649|4139
1099511631649|1099511628111
1099511631649|1099511631980
1099511632767|1099511631424
3453|1099511631844
3453|1099511631068
1099511632044|1274
1099511628211|4555
1099511628211|1161
1099511628211|609
1099511628211|3670
1099511628211|1099511631424
1099511628211|1099511629287
1099511628211|1099511628575
1099511628211|1099511629000
1099511632421|1099511631424
1099511632421|1099511629672
1099511632421|3039
1099511632421|1099511631132
1099511632421|1847
1099511632421|1099511630682
1099511632421|4273
1099511632421|4688
1099511632421|1099511632205
1099511632421|1099511632041
1933|1099511628378
1933|1099511631482
1099511629614|870
1099511629614|318
1099511629614|2965
1099511629614|1099511628176
1099511629614|1099511632352
1099511627912|2194
1099511627912|2214
1099511627912|1099511632283
1099511627912|3962
1099511627912|344
1099511627912|3981
1099511627912|1099511631482
1099511627912|1099511630154
1099511627912|1099511632432
1099511627912|1099511632515
1099511629508|2194
1099511628321|4139
1099511628321|1099511629287
1099511632601|3705
1099511632601|3780
1099511632601|3060
1099511631898|4555
1099511631898|2317
1099511631898|3587
1099511631898|1355
1099511631898|1099511632515
1099511629359|3247
1099511629359|3315
1099511629359|3661
1099511629359|987
1099511629359|2099
1099511629359|1925
1099511629359|1099511628122
1099511629359|1099511630189
1099511629359|4418
1099511629359|1099511631063
1099511629359|1099511631797
1099511630252|668
1099511630252|1099511628571
1099511630252|2194
1099511630252|3606
1099511630252|1753
1099511630252|1099511631482
1099511630252|2079
1099511630252|1099511628305
1099511630252|1099511629463
1099511630252|2199023258673
1099511630252|2199023257979
1099511629479|555
1099511629479|1099511628629
1099511629479|1099511629672
1099511629479|1099511631424
1099511629479|1099511630682
1099511629479|1099511628642
1099511629479|1099511629519
1099511629479|4178
1099511629479|3039
1099511629479|1099511629769
1099511629479|4577
1099511629479|4528
1099511629479|4460
1099511629479|1099511629845
1099511629479|4688
1099511629479|1099511631132
1099511629479|1099511632205
1099511629479|4615
1099511629479|3705
1099511629479|4827
1099511629479|2886
1099511629479|1099511632751
1099511629479|1099511630436
1099511629479|1099511629948
1099511629479|2199023258499
1099511629479|1099511630761
1099511629479|2199023257693
1099511629479|1099511629040
2048|2194
1099511628041|459
1099511628041|296
1099511628041|2194
1099511628041|1099511628810
1099511628041|2199023257097
1099511631838|3705
1099511631838|4273
1099511629595|3627
1099511629595|998
1099511629595|2191
1099511631947|1753
1099511631947|2783
1099511631947|3627
1099511631947|1099511632488
1099511630776|4688
1099511630776|1050
1099511630776|1847
1099511630776|4624
1099511630776|2845
1099511630776|2199023256115
1099511630776|1099511629948
1099511630776|1099511631587
1099511632098|4534
1099511632098|378
1099511632098|1219
1099511632098|619
1099511632098|454
1099511632098|3670
1099511632098|2862
1099511632098|1099511632392
1099511632098|4755
1099511632098|143
1099511632098|2698
1099511632098|3825
1099511632098|1099511628661
1099511632098|1099511631981
1099511632098|1099511632456
1099511632098|870
1099511632098|1099511631072
1099511632098|1099511629258
1099511632098|1099511628177
1099511632098|1099511628176
1099511632098|2845
1099511632098|3120
1099511632098|1099511632155
1099511632098|1099511629073
1099511632098|1099511629430
1099511632098|1099511628501
1099511632098|2199023257480
1099511632205|1099511630682
1099511632205|3780
1099511632205|1099511631424
1099511632205|1099511628301
1099511632205|1099511629479
1099511632205|1099511632421
1099511632205|1099511632751
1099511632205|1099511629040
1099511632205|1099511630737
1099511632205|1099511632041
1099511630940|1099511629672
1099511630940|1847
1099511631981|1099511629258
1099511631981|1099511630227
1099511631981|1099511632098
1099511631981|2783
1099511631981|1099511631844
1099511631981|1099511632751
1099511628176|4139
1099511628176|1219
1099511628176|3331
1099511628176|407
1099511628176|870
1099511628176|1099511629614
1099511628176|1099511632098
1099511628176|2199023260352
1099511628176|1099511628022
1099511628176|1099511629040
1099511628968|1564
1099511628968|3825
1099511628968|870
1099511630947|3627
1099511630947|2194
1099511630654|2194
1099511630654|1099511628111
1099511628661|3558
1099511628661|150
1099511628661|2317
1099511628661|1099511631749
1099511628661|2788
1099511628661|4607
1099511628661|378
1099511628661|2194
1099511628661|1099511632155
1099511628661|4848
1099511628661|1099511632098
1099511628661|2783
1099511628661|1099511631072
1099511628661|1099511630952
1099511628661|143
1099511628661|4008
1099511628661|974
1099511628661|2199023257097
1099511628800|1099511631424
1099511629105|987
1099511629105|1099511628378
1099511629105|2310
1099511629105|772
1099511629105|1099511629679
1099511629105|1099511631168
1099511629105|2199023256649
1099511628205|2292
1099511628205|1099511629463
1099511628205|4139
1099511628205|3055
1099511628205|3231
1099511628205|1099511630806
1099511628205|2530
1099511628205|1099511629877
1099511629519|1099511629479
1099511629519|1099511628642
1099511629519|4688
1099511629519|1099511629672
1099511629519|3060
1099511629519|4528
1099511629519|1099511630088
1099511629519|1847
1099511629519|4273
1099511629519|1099511629040
1099511628776|2783
1099511632600|4689
1099511632600|1099511631068
1099511628305|2608
1099511628305|1099511630252
1099511628305|1099511628378
1099511628305|1099511628122
1099511628305|1099511631980
1099511629463|1099511628205
1099511629463|2559
1099511629463|3055
1099511629463|2194
1099511629463|2698
1099511629463|1099511631018
1099511629463|344
1099511629463|1099511630252
1099511629463|3231
1099511629463|2199023258673
1099511629463|2199023256352
1099511628676|1099511631424
1099511632387|4018
1099511632387|1099511631980
1099511632128|1099511628642
1099511632128|1099511630454
1099511630703|1099511631424
1099511630703|238
1099511630703|2199023257480
1099511630088|3780
1099511630088|4528
1099511630088|1099511629672
1099511630088|2608
1099511630088|1099511629845
1099511630088|1099511628642
1099511630088|1099511629519
1099511630088|1099511629948
1099511630088|1099511630454
1099511630088|1099511629040
1099511629906|1099511631587
1099511632140|1099511631980
1099511628045|1099511631424
1099511628754|96
1099511628754|3780
1099511628754|985
1099511628754|459
1099511628754|3924
1099511628754|250
1099511628754|4511
1099511628754|4555
1099511628754|1259
1099511628754|2285
1099511628754|4281
1099511628754|2519
1099511628754|1161
1099511628754|2843
1099511628754|555
1099511628754|1099511629040
1099511628754|1099511629948
1099511628754|2199023258320
1099511628754|1099511630039
1099511628754|1099511630761
1099511628460|143
1099511628460|1269
1099511628460|4688
1099511628460|2199023256115
1099511631482|1099511630797
1099511631482|1079
1099511631482|1099511630967
1099511631482|3764
1099511631482|1050
1099511631482|1099511630252
1099511631482|987
1099511631482|2783
1099511631482|2310
1099511631482|1099511627912
1099511631482|1933
1099511629287|1099511628321
1099511629287|1099511631424
1099511629287|2023
1099511629287|4018
1099511629287|4178
1099511629287|3212
1099511629287|2845
1099511629287|1099511631018
1099511629287|3217
1099511629287|1099511628211
1099511629287|1099511628122
1099511629287|1099511631578
1099511629287|318
1099511629287|1099511631072
1099511629287|3764
1099511629287|1099511631980
1099511629287|2706
1099511629287|102
1099511629287|4688
1099511629287|1099511630976
1099511629287|1099511629086
1099511629287|2199023256940
1099511629845|3780
1099511629845|4848
1099511629845|4577
1099511629845|1099511629479
1099511629845|4688
1099511629845|1099511630088
1099511629845|1099511629672
1099511629845|1269
1099511629845|3039
1099511629845|1099511631424
1099511629845|1099511630504
1099511629845|1847
1099511629845|1099511630761
1099511629845|1099511630454
1099511629845|1099511629948
1099511629845|2199023256115
1099511629845|1099511629040
1099511628273|4555
1099511628273|1099511631424
1099511628273|1099511629430
1099511630314|1564
1099511632141|1099511631424
1099511632283|4139
1099511632283|1099511627912
1099511632283|4018
1099511632283|2214
1099511632283|2194
1099511632283|1099511631802
1099511632283|2698
1099511632283|1099511630588
1099511632283|1099511630154
1099511632283|2199023256352
1099511629960|2608
1099511629960|4577
1099511629960|3060
1099511629960|1099511631424
1099511629960|668
1099511629960|1274
1099511629960|1099511629040
1099511629960|2194
1099511629960|1099511631980
1099511629960|1099511629430
1099511631018|102
1099511631018|1573
1099511631018|3606
1099511631018|1099511628122
1099511631018|2194
1099511631018|1099511629287
1099511631018|1099511629463
1099511631018|3688
1099511631018|2845
1099511631018|3791
1099511631018|1099511628696
1099511631018|1099511630235
1099511631018|2698
1099511631018|1125
1099511631018|2608
1099511631018|1099511631980
1099511631018|1099511631068
1099511628093|4233
1099511628093|1099511628301
1099511628093|1099511630680
1099511628093|987
1099511628093|1564
1099511628093|1099511629572
1099511628122|4534
1099511628122|772
1099511628122|4624
1099511628122|1099511631018
1099511628122|1099511629359
1099511628122|1099511628571
1099511628122|3606
1099511628122|1099511629287
1099511628122|1099511630976
1099511628122|1099511628696
1099511628122|1099511628305
1099511628122|1099511631068
1099511628122|2199023258673
1099511630204|4018
1099511630204|2874
1099511630204|1099511628575
1099511630204|1099511629040
1099511630204|1099511629000
1099511628545|987
1099511628545|2194
1099511628545|1099511631980
1099511631749|1099511628661
1099511628575|4047
1099511628575|870
1099511628575|1099511630204
1099511628575|3309
1099511628575|3688
1099511628575|1099511628211
1099511628575|1099511628587
1099511628575|1099511632213
1099511628575|2874
1099511628575|1099511629430
1099511630354|1274
1099511630354|2199023257466
1099511628858|2783
1099511628858|1099511628501
1099511630436|2608
1099511630436|1099511629117
1099511630436|1099511629479
1099511630436|1099511628255
1099511630436|1099511630039
1099511632456|2194
1099511632456|1099511632098
1099511632456|1099511629430
1099511631844|407
1099511631844|318
1099511631844|2135
1099511631844|2783
1099511631844|1099511628301
1099511631844|2370
1099511631844|1490
1099511631844|1099511630235
1099511631844|3453
1099511631844|4688
1099511631844|1099511628501
1099511631844|772
1099511631844|1099511631981
1099511631844|1099511630189
1099511631844|1099511629535
1099511631844|1099511630114
1099511631844|2199023260352
1099511631844|2199023257793
1099511627984|2783
1099511627984|2698
1099511629741|3274
1099511629741|3627
1099511629741|1099511630154
1099511631168|1355
1099511631168|2845
1099511631168|1099511630967
1099511631168|1099511629105
1099511631168|1099511631980
1099511631168|1099511630504
1099511628443|1099511629430
1099511631439|2194
1099511632632|3539
1099511632632|2194
1099511632632|1099511631424
1099511632632|1099511630154
1099511632632|1099511630952
1099511632632|1099511630415
1099511632632|3780
1099511632632|1099511630379
1099511632632|4139
1099511628301|3587
1099511628301|1099511628093
1099511628301|1099511632205
1099511628301|1099511630189
1099511628301|3670
1099511628301|4233
1099511628301|1099511631844
1099511628301|459
1099511628301|1922
1099511628301|1099511630680
1099511628301|1099511631980
1099511628301|1099511629572
1099511630634|1490
1099511630634|4353
1099511630634|1099511628255
1099511630661|4848
1099511628748|1050
1099511628748|2530
1099511630552|4528
1099511630552|2886
1099511630552|3060
1099511630552|1161
1099511630552|2608
1099511630552|2194
1099511630588|4139
1099511630588|4194
1099511630588|4555
1099511630588|1099511632283
1099511630588|1050
1099511632432|1274
1099511632432|3962
1099511632432|1099511627912
1099511632432|1099511631587
1099511632432|2199023255872
1099511629501|2194
1099511628760|2783
1099511632373|4555
1099511632373|4139
1099511628095|3587
1099511628095|1099511628501
1099511628095|1099511630114
1099511628095|2199023256132
1099511628095|2199023257466
1099511628696|1099511628122
1099511628696|1099511631018
1099511628696|1099511628571
1099511628696|1099511628255
1099511628696|1099511631980
1099511628696|1099511629411
1099511628696|1099511629535
1099511630952|4986
1099511630952|1099511628661
1099511630952|1099511632488
1099511630952|1099511632632
1099511630952|2079
1099511630952|2530
1099511630952|4607
1099511630952|2199023257097
1099511630952|1099511628255
1099511628177|1099511631424
1099511628177|1099511632098
1099511628177|2783
1099511632155|1099511628661
1099511632155|4607
1099511632155|1099511632098
1099511628160|1099511631424
1099511628160|4233
1099511628160|2194
1099511631950|2783
1099511631950|4555
1099511628079|4848
1099511628079|296
1099511628079|459
1099511628079|4139
4767|2199023257466
1099511628405|2310
1099511628405|609
1099511628405|2886
1099511627884|2194
1099511632315|3705
1099511632315|1099511631226
1099511630806|1099511628205
1099511630806|2292
1099511630806|1099511632515
1099511632488|4644
1099511632488|1099511630952
1099511632488|296
1099511632488|1099511631199
1099511632488|1099511632213
1099511632488|3274
1099511632488|1099511631947
1099511632488|2199023260146
1099511630669|1564
1099511631126|2783
1099511630963|941
1099511631775|1099511630189
1099511629352|1099511631424
1099511629352|1099511632099
1099511629352|1099511630976
1099511629352|4661
1099511629352|4418
1099511629352|4555
1099511629352|465
1099511629352|3055
1099511629352|1099511628642
1099511631068|3705
1099511631068|2135
1099511631068|974
1099511631068|941
1099511631068|1099511630976
1099511631068|1099511628122
1099511631068|1099511632600
1099511631068|1099511631018
1099511631068|3453
1099511631068|1099511632352
1099511631068|2199023256352
1099511630290|2194
1099511630290|1564
1099511630290|4644
1099511630290|2214
1099511630290|2199023256352
1099511630114|3760
1099511630114|1099511630504
1099511630114|1099511631072
1099511630114|1099511628095
1099511630114|3331
1099511630114|1099511630976
1099511630114|2079
1099511630114|3670
1099511630114|1099511629258
1099511630114|1099511630189
1099511630114|1099511631844
1099511630114|2199023256227
1099511632669|941
1099511632669|465
1099511632669|609
1099511632669|4528
1099511632669|1099511631424
1099511632669|1099511631072
1099511632669|4273
1099511632669|555
1099511632669|2199023259517
1099511632669|2199023259227
1099511628817|4555
1099511628349|1099511631424
1099511628349|4555
1099511631578|3055
1099511631578|1099511629287
1099511631578|143
1099511631578|102
1099511631578|1099511628378
1099511631578|1099511630235
1099511631578|318
1099511631578|4139
1099511628501|4233
1099511628501|3539
1099511628501|4281
1099511628501|870
1099511628501|1099511628858
1099511628501|3217
1099511628501|1161
1099511628501|987
1099511628501|1099511628095
1099511628501|1099511631844
1099511628501|1099511629000
1099511628501|4273
1099511628501|1099511628310
1099511628501|2004
1099511628501|1564
1099511628501|772
1099511628501|3522
1099511628501|4408
1099511628501|1099511632098
1099511628501|2845
1099511628501|1099511631980
1099511628501|1099511632352
1099511628501|2199023258605
1099511628164|4528
1099511628164|1099511630737
1099511628164|1099511628629
1099511628164|1099511628642
1099511630154|2783
1099511630154|1099511632632
1099511630154|1099511630737
1099511630154|1099511627912
1099511630154|4233
1099511630154|1099511632283
1099511630154|296
1099511630154|2317
1099511630154|2199023256352
1099511630154|4139
1099511630154|1050
1099511630154|1099511629741
1099511630154|1726
1099511630154|2199023256115
1099511630154|2199023257212
1099511628612|1274
1099511628111|2783
1099511628111|1099511631649
1099511628111|1099511630654
1099511628111|459
1099511628111|4139
1099511627971|1099511631980
1099511627971|2194
1099511632751|4178
1099511632751|1099511629479
1099511632751|4534
1099511632751|2608
1099511632751|1099511632205
1099511632751|2199023256115
1099511632751|1099511631424
1099511632751|4688
1099511632751|1099511631981
1099511632751|2199023259227
1099511628587|1099511628575
1099511628587|1099511628680
1099511630504|1099511629845
1099511630504|4688
1099511630504|4008
1099511630504|1099511630114
1099511630504|1099511631132
1099511630504|2874
1099511630504|1099511629672
1099511630504|1099511631168
1099511630504|4689
1099511630504|3039
1099511630504|1099511630682
1099511630504|1099511629948
1099511630504|2194
1099511630504|1099511628892
1099511630504|3670
1099511630504|1099511631980
1099511630504|1099511632041
1099511630504|2199023256115
1099511630504|1099511630454
1099511632568|1099511628255
1099511632213|4353
1099511632213|1259
1099511632213|2194
1099511632213|1099511632488
1099511632213|1099511628575
1099511630737|1099511630154
1099511630737|1099511628164
1099511630737|1099511628966
1099511630737|2862
1099511630737|1099511628571
1099511630737|4615
1099511630737|3325
1099511630737|4892
1099511630737|267
1099511630737|2285
1099511630737|2194
1099511630737|1949
1099511630737|1099511632205
1099511630737|3274
1099511630737|4139
1099511630737|1099511628524
1099511630737|4465
1099511630737|3633
1099511630737|3627
1099511630737|1160
1099511630737|1099511629143
1099511629948|3780
1099511629948|4577
1099511629948|1099511630088
1099511629948|1099511629672
1099511629948|1847
1099511629948|4624
1099511629948|1099511629845
1099511629948|1099511629479
1099511629948|3039
1099511629948|1099511628754
1099511629948|1099511630504
1099511629948|1099511630454
1099511629948|1099511630776
1099511629948|2608
1099511628651|1847
1099511628651|1161
1099511629940|3539
1099511629940|1099511631424
1099511629940|1269
1099511629940|1099511630379
1099511629940|1099511630415
1099511629940|1099511632515
1099511629940|1099511631980
1099511629940|344
1099511629940|3924
1099511629940|2199023256115
1099511631914|2783
1099511631914|1099511628680
1099511630403|2194
1099511630976|1099511628122
1099511630976|4139
1099511630976|1099511629352
1099511630976|1099511630114
1099511630976|4534
1099511630976|1099511631068
1099511630976|1099511629287
1099511630976|2199023256132
1099511630976|2199023257543
1099511630976|2199023260352
1099511630976|2199023256182
1099511632099|3039
1099511632099|1099511629352
1099511632099|1099511628642
1099511632099|1259
1099511632099|290
1099511632099|465
1099511632099|1099511631587
1099511632099|4661
1099511628966|1099511630737
1099511628022|4534
1099511628022|1099511631283
1099511628022|1099511628176
1099511628022|407
1099511628022|1099511631980
1099511628022|1644
1099511628022|1274
1099511628022|3331
1099511630454|1099511628571
1099511630454|1099511631424
1099511630454|4848
1099511630454|1099511630682
1099511630454|1099511632128
1099511630454|1099511630088
1099511630454|1099511630761
1099511630454|1099511631132
1099511630454|3039
1099511630454|3924
1099511630454|1099511629845
1099511630454|2874
1099511630454|3748
1099511630454|1099511632041
1099511630454|2817
1099511630454|3780
1099511630454|4465
1099511630454|1099511629948
1099511630454|2608
1099511630454|1847
1099511630454|1099511630504
1099511630454|3412
1099511630454|4688
1099511631797|998
1099511631797|1099511629359
1099511631063|1099511629359
1099511631063|1099511631980
1099511631980|1099511627971
1099511631980|1099511629287
1099511631980|1099511631072
1099511631980|1099511630797
1099511631980|1242
1099511631980|1099511628534
1099511631980|1099511628913
1099511631980|3120
1099511631980|1099511628696
1099511631980|1099511629073
1099511631980|1573
1099511631980|3825
1099511631980|1099511632387
1099511631980|1099511631168
1099511631980|2310
1099511631980|987
1099511631980|1099511629000
1099511631980|3522
1099511631980|3606
1099511631980|1921
1099511631980|4534
1099511631980|238
1099511631980|1099511629158
1099511631980|1099511628680
1099511631980|3779
1099511631980|1099511629040
1099511631980|2588
1099511631980|3682
1099511631980|1099511631018
1099511631980|1099511631226
1099511631980|1099511632772
1099511631980|443
1099511631980|1099511631063
1099511631980|1099511629960
1099511631980|1099511631204
1099511631980|1793
1099511631980|4139
1099511631980|2079
1099511631980|1791
1099511631980|1099511632118
1099511631980|1099511629940
1099511631980|1099511628022
1099511631980|1099511630956
1099511631980|2706
1099511631980|344
1099511631980|1099511629258
1099511631980|1099511630189
1099511631980|3944
1099511631980|2266
1099511631980|1099511631976
1099511631980|1099511629520
1099511631980|3755
1099511631980|2965
1099511631980|1274
1099511631980|1829
1099511631980|1929
1099511631980|1099511628501
1099511631980|1099511628545
1099511631980|1099511628301
1099511631980|1099511630504
1099511631980|1125
1099511631980|3558
1099511631980|2199023258529
1099511631980|2199023258641
1099511631980|1099511632140
1099511631980|4766
1099511631980|459
1099511631980|2199023257097
1099511631980|1099511631649
1099511631980|1099511628305
1099511631980|1099511629021
1099511631980|1099511631424
1099511631980|1099511629515
1099511631980|2199023255872
1099511631199|1099511632488
1099511631199|2194
1099511631199|3748
1099511631199|2199023257466
1099511632041|1099511628642
1099511632041|1099511631424
1099511632041|3705
1099511632041|1099511630454
1099511632041|1099511632421
1099511632041|1099511632205
1099511632041|1099511630504
1099511632041|3060
1099511632296|1099511630235
1099511632296|1099511631072
1099511632296|1099511631424
1099511632296|2783
1099511632296|987
1099511632296|1099511630189
1099511628255|1099511630235
1099511628255|1099511632568
1099511628255|1099511628696
1099511628255|998
1099511628255|1490
1099511628255|2165
1099511628255|1099511628942
1099511628255|1099511630436
1099511628255|1099511631424
1099511628255|2292
1099511628255|1099511630039
1099511628255|4512
1099511628255|1099511632515
1099511628255|1099511630634
1099511628255|1099511631587
1099511628255|1099511632144
1099511628255|1099511630952
1099511628255|1099511629268
1099511628255|1099511629117
1099511631802|1099511632283
1099511631802|2783
1099511629000|3219
1099511629000|1099511628501
1099511629000|1099511631980
1099511629000|4290
1099511629000|1099511630204
1099511629000|4689
1099511629000|1099511628211
1099511627782|555
1099511628534|1099511631980
1099511632245|2199023258386
1099511630761|1099511629845
1099511630761|1099511630454
1099511630761|1099511629479
1099511630761|555
1099511630761|1099511629672
1099511630761|1099511628754
1099511630761|3039
1099511630761|1099511629040
1099511629040|1099511629519
1099511629040|1161
1099511629040|1099511629960
1099511629040|3528
1099511629040|2608
1099511629040|4577
1099511629040|1847
1099511629040|1099511630204
1099511629040|1099511632205
1099511629040|94
1099511629040|1099511632338
1099511629040|1099511631980
1099511629040|4555
1099511629040|1099511628754
1099511629040|1099511631095
1099511629040|1099511629845
1099511629040|2004
1099511629040|318
1099511629040|407
1099511629040|2099
1099511629040|2783
1099511629040|1099511630088
1099511629040|2194
1099511629040|1099511628176
1099511629040|1099511628629
1099511629040|1099511628642
1099511629040|2269
1099511629040|959
1099511629040|1099511630682
1099511629040|1099511632118
1099511629040|1131
1099511629040|1099511629479
1099511629040|1099511630201
1099511629040|2135
1099511629040|1050
1099511629040|3627
1099511629040|1099511629672
1099511629040|1099511630761
1099511628913|1099511631980
1099511628913|4139
1099511632515|1099511631424
1099511632515|1099511631226
1099511632515|1099511627912
1099511632515|2292
1099511632515|1099511629877
1099511632515|1481
1099511632515|1099511630039
1099511632515|1099511629940
1099511632515|1099511630960
1099511632515|1099511631898
1099511632515|1099511628255
1099511632515|1099511631587
1099511632515|1099511628378
1099511632515|1099511630806
1099511629456|2194
1099511629456|998
1099511629456|2588
1099511632106|3039
1099511632106|1099511631424
1099511629430|1099511628273
1099511629430|1099511631204
1099511629430|1099511628575
1099511629430|378
1099511629430|1099511628310
1099511629430|3825
1099511629430|1099511629073
1099511629430|1099511632098
1099511629430|3587
1099511629430|1099511629960
1099511629430|1099511628642
1099511629430|870
1099511629430|1099511630956
1099511629430|2917
1099511629430|2199023259841
1099511629430|4607
1099511629430|1099511631226
1099511629430|3309
1099511629430|2199023257693
1099511629430|1099511628443
1099511629430|1274
1099511629430|102
1099511629430|1099511632456
1929|1099511631980
1099511629073|1099511631980
1099511629073|1099511632098
1099511629073|1099511629430
1099511629073|3705
1099511629073|4534
1099511629877|1099511631424
1099511629877|1099511628205
1099511629877|1099511632515
1099511629877|4139
1099511629877|1099511628378
1099511628310|1099511628501
1099511628310|3627
1099511628310|1564
1099511628310|1099511629430
1099511628310|870
1099511628310|1274
1099511628310|4139
1099511628310|143
1099511628942|1099511628255
1099511629978|1099511631424
1099511631630|4555
1099511631630|1274
1099511629520|4534
1099511629520|1099511630189
1099511629520|1099511631980
1099511631925|1753
1099511631925|4848
1099511628744|1099511631424
1099511628744|3705
1099511628810|1099511631424
1099511628810|1099511628041
1099511630039|459
1099511630039|1099511628255
1099511630039|1099511630436
1099511630039|1099511632515
1099511630039|1099511628524
1099511630039|1099511632314
1099511630039|2588
1099511630039|4281
1099511630039|1099511628754
1099511630039|1099511629367
1099511632352|1259
1099511632352|3500
1099511632352|3587
1099511632352|1099511631068
1099511632352|1099511629614
1099511632352|1099511632338
1099511632352|4139
1099511632352|1099511628501
1099511632352|4534
1099511628680|1099511628587
1099511628680|1099511630163
1099511628680|1099511631980
1099511628680|2004
1099511628680|4534
1099511628680|1099511630189
1099511628680|2199023258935
1099511628680|1099511631914
443|1099511631980
1099511629515|1099511631980
1099511629158|1099511631980
1099511632338|1099511629040
1099511632338|1099511631587
1099511632338|1099511632352
2199023260352|1099511628176
2199023260352|941
2199023260352|998
2199023260352|870
2199023260352|1099511631844
2199023260352|1219
2199023260352|2199023257480
2199023260352|772
2199023260352|2266
2199023260352|3949
2199023260352|1099511630976
2199023260352|2199023258673
2199023260352|1099511629769
1099511631587|3962
1099511631587|1099511632144
1099511631587|1099511632432
1099511631587|1099511632392
1099511631587|1959
1099511631587|3601
1099511631587|1099511632515
1099511631587|3764
1099511631587|1099511632338
1099511631587|1099511628255
1099511631587|1099511630680
1099511631587|1099511632099
1099511631587|1099511629906
1099511631587|1099511629535
1099511631587|1099511630776
1099511631587|150
1099511631587|1099511629411
1099511630264|102
1099511632772|2783
1099511632772|1099511631980
1099511632772|2194
1099511632772|4139
1099511629268|1099511628255
2199023256115|1099511632751
2199023256115|3748
2199023256115|1099511629672
2199023256115|1099511629845
2199023256115|1099511630776
2199023256115|583
2199023256115|4178
2199023256115|4688
2199023256115|4848
2199023256115|2199023257701
2199023256115|2199023257352
2199023256115|1099511630504
2199023256115|1099511630154
2199023256115|1099511631424
2199023256115|4624
2199023256115|1099511629940
2199023256115|3780
2199023256115|3039
2199023256115|1099511628460
2199023256115|2199023259109
2199023256115|2199023258095
1099511632144|1099511631587
1099511632144|1099511628255
2199023258386|2004
2199023258386|1099511632245
2199023258386|2199023258673
2199023258386|772
2199023256649|1564
2199023256649|4555
2199023256649|2698
2199023256649|1099511628457
2199023256649|1099511629679
2199023256649|1099511629105
2199023256649|2788
2199023260094|4986
2199023260094|1099511629672
2199023260094|4139
2199023260094|2191
2199023260094|2194
1099511629572|1099511630680
1099511629572|1099511628093
1099511629572|1103
1099511629572|1099511628301
1099511629572|987
1099511629572|1564
1099511629572|4233
1099511632362|318
1099511632362|4534
1099511629535|1099511628696
1099511629535|1099511631844
1099511629535|1099511631587
2199023256132|3688
2199023256132|4047
2199023256132|2519
2199023256132|1099511630976
2199023256132|1099511628095
2199023256132|2199023256227
2199023256132|4555
2199023256352|1099511630154
2199023256352|1099511630797
2199023256352|1099511632283
2199023256352|3705
2199023256352|2214
2199023256352|2698
2199023256352|1099511631068
2199023256352|1099511629463
2199023256352|1099511630290
2199023259227|4688
2199023259227|3780
2199023259227|2199023259109
2199023259227|2886
2199023259227|1099511632669
2199023259227|1099511632751
2199023259227|2199023259961
2199023259227|3039
2199023256590|4688
2199023256590|4848
2199023256590|4528
2199023256590|2199023257352
2199023256590|3748
2199023256590|1099511628642
2199023257352|3060
2199023257352|3412
2199023257352|2199023256115
2199023257352|2199023258095
2199023257352|1847
2199023257352|4688
2199023257352|2199023256590
2199023257352|2199023259109
2199023257352|4528
2199023258499|1099511629479
2199023258673|2199023258386
2199023258673|1099511630252
2199023258673|1099511629463
2199023258673|1509
2199023258673|2135
2199023258673|1564
2199023258673|3606
2199023258673|2199023260352
2199023258673|1099511628122
2199023256332|1753
2199023256332|4848
2199023256332|1099511629258
1099511632118|1099511631980
1099511632118|1099511629040
2199023256940|4408
2199023256940|4607
2199023256940|1099511629287
2199023256940|3412
2199023256940|296
2199023257097|1099511630952
2199023257097|1099511628041
2199023257097|1099511628661
2199023257097|1099511631980
2199023257097|2191
2199023257097|2199023257466
2199023257097|1099511629258
2199023257097|2194
1099511630956|1099511631980
1099511630956|1099511629430
1099511632314|1099511630039
1099511629086|1099511629287
2199023259109|2199023259227
2199023259109|1099511628642
2199023259109|2199023259517
2199023259109|2199023258095
2199023259109|2199023256115
2199023259109|2199023260102
2199023259109|2199023257352
2199023255983|987
2199023255983|3219
2199023256824|2817
2199023256824|2023
2199023256824|1490
2199023257748|1753
2199023257748|4139
2199023257021|1099511629143
2199023257021|296
1099511629143|2783
1099511629143|2199023257021
1099511629143|1099511630737
2199023258772|2783
2199023260102|1099511631424
2199023260102|2199023259109
2199023260102|1099511629672
2199023257480|378
2199023257480|1099511630703
2199023257480|2199023260352
2199023257480|1099511632098
1829|1099511631980
2199023256211|345
2199023259961|609
2199023259961|2199023259227
2199023259961|3060
2199023259961|465
2199023258254|4290
2199023259414|2199023259517
2199023259414|290
2199023259517|2199023259414
2199023259517|3780
2199023259517|1099511632669
2199023259517|1050
2199023259517|2199023259109
2199023257979|1099511630252
2199023257979|3627
2199023257979|4624
2199023258320|1099511631424
2199023258320|1099511628754
2199023258320|2199023257181
2199023258320|2197
2199023258320|94
2199023258320|985
2199023258320|2946
2199023258320|1269
2199023257701|2199023256115
2199023257701|1847
2199023259663|4139
2199023257543|1099511631072
2199023257543|1099511630976
2199023258529|1099511631980
2199023257466|2608
2199023257466|2004
2199023257466|4528
2199023257466|3688
2199023257466|3705
2199023257466|2199023257097
2199023257466|1099511628095
2199023257466|1099511630354
2199023257466|1099511630680
2199023257466|1099511628629
2199023257466|1099511631199
2199023257466|4767
2199023257181|2199023258320
2199023258095|4528
2199023258095|2199023257352
2199023258095|2199023259109
2199023258095|2199023256115
2199023258095|2194
2199023258642|2783
2199023258642|2310
2199023258641|1099511631980
2199023256318|3039
2199023256318|3412
2199023256318|1847
2199023259854|3627
2199023259854|2194
2199023259854|2317
2199023256182|4139
2199023256182|2519
2199023256182|1099511630976
2199023259841|1099511629430
2199023259841|870
2199023259841|2194
2199023257693|1099511629479
2199023257693|1099511629430
1099511627909|2194
2199023257793|1099511631844
2199023256227|2199023256132
2199023256227|1099511630114
2199023258605|1099511628501
2199023258605|4273
2199023255593|3412
2199023255593|4273
2199023258686|4555
1099511629021|1099511631980
1099511629021|4534
2199023255872|4139
2199023255872|1099511632432
2199023255872|4607
2199023255872|1099511631980
2199023256610|1125
2199023256610|1050
2199023256610|4555
2199023257942|2783
2199023256195|1099511631424
2199023255890|2783
2199023258935|1099511628680
2199023255786|1099511631424
2946|2199023258320
2199023259489|4139
2199023259748|4555
2199023255837|4555
2199023260146|1099511632488
2199023257212|1099511630154
