Posts|189716|2010-03-11 04:56:06|photo189716.jpg|4008
Posts|189717|2010-03-11 04:56:07|photo189717.jpg|4008
Posts|189718|2010-03-11 04:56:08|photo189718.jpg|4008
Posts|189719|2010-03-11 04:56:09|photo189719.jpg|4008
Users|1753|null
Friends|1103|1753
Posts|404048|2010-03-11 07:52:37||3705
Comments|404837|2010-03-11 08:03:24|About Elvis. About John . About Robin. About Ameri. About Nazi . About Morga. About.|2886|404048|404048
Posts|630412|2010-03-11 08:03:06||1274
Comments|630814|2010-03-11 08:13:39|great|683|630412|630412
Comments|630822|2010-03-11 08:14:57|no way!|683|630412|630412
Comments|404837|2010-03-11 08:03:24|About Elvis. About John . About Robin. About Ameri. About Nazi . About Morga. About.|2886|404048|404048
Comments|630814|2010-03-11 08:13:39|great|683|630412|630412
