1039993|2010-02-01 05:12:32||3981
1048874|2010-02-01 12:47:47||974
1039994|2010-02-01 20:49:17||3981
1048864|2010-02-02 00:09:32||974
1048869|2010-02-02 01:20:47||974
1048865|2010-02-02 01:25:17||974
1048896|2010-02-02 03:02:02||974
1048889|2010-02-02 03:05:02||974
1048902|2010-02-02 03:33:32||974
1048861|2010-02-02 04:23:02||974
1048875|2010-02-02 04:29:47||974
701100|2010-02-02 05:12:38||1564
1048879|2010-02-02 05:23:47||974
1048878|2010-02-02 05:46:17||974
1048882|2010-02-02 05:55:17||974
1048891|2010-02-02 07:59:47||974
1048895|2010-02-02 08:20:47||974
1048863|2010-02-02 10:43:17||974
1048860|2010-02-02 10:54:32||974
1048871|2010-02-02 11:17:47||974
1048892|2010-02-02 11:27:32||974
1048885|2010-02-02 11:35:02||974
1048894|2010-02-02 12:29:47||974
1048858|2010-02-02 15:27:32||974
1048866|2010-02-02 19:14:47||974
299101|2010-02-02 19:53:43|photo299101.jpg|4661
299102|2010-02-02 19:53:44|photo299102.jpg|4661
299103|2010-02-02 19:53:45|photo299103.jpg|4661
299104|2010-02-02 19:53:46|photo299104.jpg|4661
299105|2010-02-02 19:53:47|photo299105.jpg|4661
299106|2010-02-02 19:53:48|photo299106.jpg|4661
299107|2010-02-02 19:53:49|photo299107.jpg|4661
299108|2010-02-02 19:53:50|photo299108.jpg|4661
299109|2010-02-02 19:53:51|photo299109.jpg|4661
299110|2010-02-02 19:53:52|photo299110.jpg|4661
299111|2010-02-02 19:53:53|photo299111.jpg|4661
299112|2010-02-02 19:53:54|photo299112.jpg|4661
299113|2010-02-02 19:53:55|photo299113.jpg|4661
1048877|2010-02-02 22:05:02||974
1048867|2010-02-03 01:03:32||974
1048880|2010-02-03 02:17:02||974
1048887|2010-02-03 02:46:17||974
1048883|2010-02-03 06:54:32||974
298553|2010-02-03 13:45:09||4661
1048870|2010-02-03 15:59:47||974
529360|2010-02-09 04:05:10||2608
1076792|2010-02-09 16:21:23||3825
1301393|2010-02-11 12:01:34||4555
299390|2010-02-11 19:23:25|photo299390.jpg|4661
299391|2010-02-11 19:23:26|photo299391.jpg|4661
299392|2010-02-11 19:23:27|photo299392.jpg|4661
299393|2010-02-11 19:23:28|photo299393.jpg|4661
299394|2010-02-11 19:23:29|photo299394.jpg|4661
299395|2010-02-11 19:23:30|photo299395.jpg|4661
798675|2010-02-12 10:37:40||2788
701070|2010-02-12 18:19:04||1564
705054|2010-02-13 01:54:47||4273
96148|2010-02-13 18:31:22|photo96148.jpg|3217
96149|2010-02-13 18:31:23|photo96149.jpg|3217
96150|2010-02-13 18:31:24|photo96150.jpg|3217
96151|2010-02-13 18:31:25|photo96151.jpg|3217
96152|2010-02-13 18:31:26|photo96152.jpg|3217
96153|2010-02-13 18:31:27|photo96153.jpg|3217
96154|2010-02-13 18:31:28|photo96154.jpg|3217
96155|2010-02-13 18:31:29|photo96155.jpg|3217
96156|2010-02-13 18:31:30|photo96156.jpg|3217
96157|2010-02-13 18:31:31|photo96157.jpg|3217
96158|2010-02-13 18:31:32|photo96158.jpg|3217
96159|2010-02-13 18:31:33|photo96159.jpg|3217
96160|2010-02-13 18:31:34|photo96160.jpg|3217
96161|2010-02-13 18:31:35|photo96161.jpg|3217
96162|2010-02-13 18:31:36|photo96162.jpg|3217
96163|2010-02-13 18:31:37|photo96163.jpg|3217
96164|2010-02-13 18:31:38|photo96164.jpg|3217
96165|2010-02-13 18:31:39|photo96165.jpg|3217
96166|2010-02-13 18:31:40|photo96166.jpg|3217
96167|2010-02-13 18:31:41|photo96167.jpg|3217
1301394|2010-02-13 21:04:28||4555
96414|2010-02-14 12:08:41|photo96414.jpg|3217
96415|2010-02-14 12:08:42|photo96415.jpg|3217
96416|2010-02-14 12:08:43|photo96416.jpg|3217
96417|2010-02-14 12:08:44|photo96417.jpg|3217
96418|2010-02-14 12:08:45|photo96418.jpg|3217
96419|2010-02-14 12:08:46|photo96419.jpg|3217
96420|2010-02-14 12:08:47|photo96420.jpg|3217
96421|2010-02-14 12:08:48|photo96421.jpg|3217
96422|2010-02-14 12:08:49|photo96422.jpg|3217
96423|2010-02-14 12:08:50|photo96423.jpg|3217
96424|2010-02-14 12:08:51|photo96424.jpg|3217
404145|2010-02-15 18:18:56||3705
571477|2010-02-16 06:18:31||459
1301406|2010-02-16 18:36:20||4555
1029294|2010-02-17 02:04:35|photo1029294.jpg|2191
1029295|2010-02-17 02:04:36|photo1029295.jpg|2191
1029296|2010-02-17 02:04:37|photo1029296.jpg|2191
1029297|2010-02-17 02:04:38|photo1029297.jpg|2191
1029298|2010-02-17 02:04:39|photo1029298.jpg|2191
1029299|2010-02-17 02:04:40|photo1029299.jpg|2191
1029300|2010-02-17 02:04:41|photo1029300.jpg|2191
1029301|2010-02-17 02:04:42|photo1029301.jpg|2191
1029302|2010-02-17 02:04:43|photo1029302.jpg|2191
705221|2010-02-17 02:14:13||4273
967220|2010-02-17 02:58:24||2004
705184|2010-02-17 10:31:28||4273
705230|2010-02-17 10:55:28||4273
705210|2010-02-17 15:06:43||4273
269883|2010-02-17 15:38:13||407
403703|2010-02-17 15:52:31|photo403703.jpg|1079
403704|2010-02-17 15:52:32|photo403704.jpg|1079
403705|2010-02-17 15:52:33|photo403705.jpg|1079
403706|2010-02-17 15:52:34|photo403706.jpg|1079
403707|2010-02-17 15:52:35|photo403707.jpg|1079
269888|2010-02-17 21:49:28||407
1160507|2010-02-17 22:16:00|photo1160507.jpg|4231
1160508|2010-02-17 22:16:01|photo1160508.jpg|4231
1160509|2010-02-17 22:16:02|photo1160509.jpg|4231
705242|2010-02-18 03:08:58||4273
269912|2010-02-18 03:21:43||407
269904|2010-02-18 05:35:58||407
269922|2010-02-18 07:00:43||407
269923|2010-02-18 07:52:28||407
705189|2010-02-18 07:55:28||4273
585249|2010-02-18 10:01:41||2917
705183|2010-02-18 12:16:28||4273
658586|2010-02-18 14:03:52||3571
705199|2010-02-18 15:11:13||4273
269913|2010-02-18 16:09:43||407
705247|2010-02-18 16:10:28||4273
269926|2010-02-18 16:40:28||407
269914|2010-02-18 17:57:43||407
269934|2010-02-18 20:06:43||407
705185|2010-02-18 20:15:43||4273
269908|2010-02-18 21:11:13||407
705193|2010-02-18 22:26:58||4273
585272|2010-02-18 23:13:28||2917
705228|2010-02-19 02:04:28||4273
492040|2010-02-19 02:58:09|photo492040.jpg|4643
492041|2010-02-19 02:58:10|photo492041.jpg|4643
492042|2010-02-19 02:58:11|photo492042.jpg|4643
492043|2010-02-19 02:58:12|photo492043.jpg|4643
492044|2010-02-19 02:58:13|photo492044.jpg|4643
492045|2010-02-19 02:58:14|photo492045.jpg|4643
492046|2010-02-19 02:58:15|photo492046.jpg|4643
492047|2010-02-19 02:58:16|photo492047.jpg|4643
492048|2010-02-19 02:58:17|photo492048.jpg|4643
492049|2010-02-19 02:58:18|photo492049.jpg|4643
492050|2010-02-19 02:58:19|photo492050.jpg|4643
492051|2010-02-19 02:58:20|photo492051.jpg|4643
492052|2010-02-19 02:58:21|photo492052.jpg|4643
492053|2010-02-19 02:58:22|photo492053.jpg|4643
492054|2010-02-19 02:58:23|photo492054.jpg|4643
492055|2010-02-19 02:58:24|photo492055.jpg|4643
1377613|2010-02-19 03:03:25|photo1377613.jpg|2023
1377614|2010-02-19 03:03:26|photo1377614.jpg|2023
1377615|2010-02-19 03:03:27|photo1377615.jpg|2023
1377616|2010-02-19 03:03:28|photo1377616.jpg|2023
1377617|2010-02-19 03:03:29|photo1377617.jpg|2023
1377618|2010-02-19 03:03:30|photo1377618.jpg|2023
1377619|2010-02-19 03:03:31|photo1377619.jpg|2023
1377620|2010-02-19 03:03:32|photo1377620.jpg|2023
705149|2010-02-19 06:38:13||4273
704893|2010-02-19 08:50:53|photo704893.jpg|1564
704894|2010-02-19 08:50:54|photo704894.jpg|1564
704895|2010-02-19 08:50:55|photo704895.jpg|1564
704896|2010-02-19 08:50:56|photo704896.jpg|1564
704897|2010-02-19 08:50:57|photo704897.jpg|1564
704898|2010-02-19 08:50:58|photo704898.jpg|1564
704899|2010-02-19 08:50:59|photo704899.jpg|1564
704900|2010-02-19 08:51:00|photo704900.jpg|1564
704901|2010-02-19 08:51:01|photo704901.jpg|1564
704902|2010-02-19 08:51:02|photo704902.jpg|1564
704903|2010-02-19 08:51:03|photo704903.jpg|1564
704904|2010-02-19 08:51:04|photo704904.jpg|1564
704905|2010-02-19 08:51:05|photo704905.jpg|1564
704906|2010-02-19 08:51:06|photo704906.jpg|1564
704907|2010-02-19 08:51:07|photo704907.jpg|1564
723282|2010-02-19 14:13:58||2783
1160530|2010-02-19 23:14:14|photo1160530.jpg|4231
1160531|2010-02-19 23:14:15|photo1160531.jpg|4231
1160532|2010-02-19 23:14:16|photo1160532.jpg|4231
1048852|2010-02-20 00:12:16||974
862824|2010-02-20 06:36:16||143
704643|2010-02-20 07:30:54|photo704643.jpg|1564
704644|2010-02-20 07:30:55|photo704644.jpg|1564
704645|2010-02-20 07:30:56|photo704645.jpg|1564
704646|2010-02-20 07:30:57|photo704646.jpg|1564
704647|2010-02-20 07:30:58|photo704647.jpg|1564
704648|2010-02-20 07:30:59|photo704648.jpg|1564
704649|2010-02-20 07:31:00|photo704649.jpg|1564
704650|2010-02-20 07:31:01|photo704650.jpg|1564
704651|2010-02-20 07:31:02|photo704651.jpg|1564
704652|2010-02-20 07:31:03|photo704652.jpg|1564
704653|2010-02-20 07:31:04|photo704653.jpg|1564
167197|2010-02-20 10:22:18||555
996812|2010-02-20 10:36:22|photo996812.jpg|2609
996813|2010-02-20 10:36:23|photo996813.jpg|2609
996814|2010-02-20 10:36:24|photo996814.jpg|2609
996815|2010-02-20 10:36:25|photo996815.jpg|2609
996816|2010-02-20 10:36:26|photo996816.jpg|2609
996817|2010-02-20 10:36:27|photo996817.jpg|2609
996818|2010-02-20 10:36:28|photo996818.jpg|2609
996819|2010-02-20 10:36:29|photo996819.jpg|2609
996820|2010-02-20 10:36:30|photo996820.jpg|2609
996821|2010-02-20 10:36:31|photo996821.jpg|2609
723212|2010-02-21 02:39:59||2783
1076403|2010-02-21 02:53:31|photo1076403.jpg|1419
1076404|2010-02-21 02:53:32|photo1076404.jpg|1419
1076405|2010-02-21 02:53:33|photo1076405.jpg|1419
1076406|2010-02-21 02:53:34|photo1076406.jpg|1419
1076407|2010-02-21 02:53:35|photo1076407.jpg|1419
1076408|2010-02-21 02:53:36|photo1076408.jpg|1419
1076409|2010-02-21 02:53:37|photo1076409.jpg|1419
1076410|2010-02-21 02:53:38|photo1076410.jpg|1419
1076411|2010-02-21 02:53:39|photo1076411.jpg|1419
1076412|2010-02-21 02:53:40|photo1076412.jpg|1419
1076413|2010-02-21 02:53:41|photo1076413.jpg|1419
1076414|2010-02-21 02:53:42|photo1076414.jpg|1419
1076415|2010-02-21 02:53:43|photo1076415.jpg|1419
1076416|2010-02-21 02:53:44|photo1076416.jpg|1419
1377571|2010-02-21 03:55:37|photo1377571.jpg|2023
1377572|2010-02-21 03:55:38|photo1377572.jpg|2023
1377573|2010-02-21 03:55:39|photo1377573.jpg|2023
1377574|2010-02-21 03:55:40|photo1377574.jpg|2023
1377575|2010-02-21 03:55:41|photo1377575.jpg|2023
675563|2010-02-21 06:15:38|photo675563.jpg|3315
675564|2010-02-21 06:15:39|photo675564.jpg|3315
675565|2010-02-21 06:15:40|photo675565.jpg|3315
675566|2010-02-21 06:15:41|photo675566.jpg|3315
675567|2010-02-21 06:15:42|photo675567.jpg|3315
675568|2010-02-21 06:15:43|photo675568.jpg|3315
675569|2010-02-21 06:15:44|photo675569.jpg|3315
675570|2010-02-21 06:15:45|photo675570.jpg|3315
675571|2010-02-21 06:15:46|photo675571.jpg|3315
675572|2010-02-21 06:15:47|photo675572.jpg|3315
675573|2010-02-21 06:15:48|photo675573.jpg|3315
675574|2010-02-21 06:15:49|photo675574.jpg|3315
675575|2010-02-21 06:15:50|photo675575.jpg|3315
864092|2010-02-21 18:39:32|photo864092.jpg|143
864093|2010-02-21 18:39:33|photo864093.jpg|143
864094|2010-02-21 18:39:34|photo864094.jpg|143
864095|2010-02-21 18:39:35|photo864095.jpg|143
864096|2010-02-21 18:39:36|photo864096.jpg|143
1426730|2010-02-21 22:18:43||150
731462|2010-02-22 01:05:31||4986
1039986|2010-02-22 09:08:56||3981
1382544|2010-02-22 09:20:26|photo1382544.jpg|4577
1382545|2010-02-22 09:20:27|photo1382545.jpg|4577
1382546|2010-02-22 09:20:28|photo1382546.jpg|4577
1382547|2010-02-22 09:20:29|photo1382547.jpg|4577
1382548|2010-02-22 09:20:30|photo1382548.jpg|4577
1382549|2010-02-22 09:20:31|photo1382549.jpg|4577
1382550|2010-02-22 09:20:32|photo1382550.jpg|4577
1382551|2010-02-22 09:20:33|photo1382551.jpg|4577
1382552|2010-02-22 09:20:34|photo1382552.jpg|4577
1382553|2010-02-22 09:20:35|photo1382553.jpg|4577
1382554|2010-02-22 09:20:36|photo1382554.jpg|4577
1382555|2010-02-22 09:20:37|photo1382555.jpg|4577
1382556|2010-02-22 09:20:38|photo1382556.jpg|4577
1382557|2010-02-22 09:20:39|photo1382557.jpg|4577
1382558|2010-02-22 09:20:40|photo1382558.jpg|4577
1382559|2010-02-22 09:20:41|photo1382559.jpg|4577
1382560|2010-02-22 09:20:42|photo1382560.jpg|4577
257097|2010-02-22 13:27:43|photo257097.jpg|2862
257098|2010-02-22 13:27:44|photo257098.jpg|2862
257099|2010-02-22 13:27:45|photo257099.jpg|2862
257100|2010-02-22 13:27:46|photo257100.jpg|2862
257101|2010-02-22 13:27:47|photo257101.jpg|2862
257102|2010-02-22 13:27:48|photo257102.jpg|2862
257103|2010-02-22 13:27:49|photo257103.jpg|2862
257104|2010-02-22 13:27:50|photo257104.jpg|2862
257105|2010-02-22 13:27:51|photo257105.jpg|2862
257106|2010-02-22 13:27:52|photo257106.jpg|2862
257107|2010-02-22 13:27:53|photo257107.jpg|2862
257108|2010-02-22 13:27:54|photo257108.jpg|2862
257109|2010-02-22 13:27:55|photo257109.jpg|2862
1039988|2010-02-22 23:36:41||3981
284098|2010-02-23 02:13:48||1242
492287|2010-02-23 07:26:33|photo492287.jpg|4643
492288|2010-02-23 07:26:34|photo492288.jpg|4643
492289|2010-02-23 07:26:35|photo492289.jpg|4643
492290|2010-02-23 07:26:36|photo492290.jpg|4643
1039974|2010-02-23 08:27:41||3981
29662|2010-02-23 13:21:39||4693
1465598|2010-02-23 14:25:31||687
1466584|2010-02-23 19:44:05|photo1466584.jpg|3730
1466585|2010-02-23 19:44:06|photo1466585.jpg|3730
1466586|2010-02-23 19:44:07|photo1466586.jpg|3730
1466587|2010-02-23 19:44:08|photo1466587.jpg|3730
1466588|2010-02-23 19:44:09|photo1466588.jpg|3730
1466589|2010-02-23 19:44:10|photo1466589.jpg|3730
1466590|2010-02-23 19:44:11|photo1466590.jpg|3730
1466591|2010-02-23 19:44:12|photo1466591.jpg|3730
1466592|2010-02-23 19:44:13|photo1466592.jpg|3730
1466593|2010-02-23 19:44:14|photo1466593.jpg|3730
722171|2010-02-24 02:33:31|photo722171.jpg|267
722172|2010-02-24 02:33:32|photo722172.jpg|267
722173|2010-02-24 02:33:33|photo722173.jpg|267
1172371|2010-02-24 10:10:32|photo1172371.jpg|683
723174|2010-02-24 18:56:29||2783
167173|2010-02-24 20:20:46||555
353886|2010-02-24 22:29:52||238
215094|2010-02-25 04:57:04|photo215094.jpg|1103
215095|2010-02-25 04:57:05|photo215095.jpg|1103
215096|2010-02-25 04:57:06|photo215096.jpg|1103
215097|2010-02-25 04:57:07|photo215097.jpg|1103
215098|2010-02-25 04:57:08|photo215098.jpg|1103
215099|2010-02-25 04:57:09|photo215099.jpg|1103
215100|2010-02-25 04:57:10|photo215100.jpg|1103
215101|2010-02-25 04:57:11|photo215101.jpg|1103
215102|2010-02-25 04:57:12|photo215102.jpg|1103
215103|2010-02-25 04:57:13|photo215103.jpg|1103
215104|2010-02-25 04:57:14|photo215104.jpg|1103
701052|2010-02-25 06:12:04||1564
1048824|2010-02-25 14:31:18||974
659035|2010-02-25 15:15:05||4624
700974|2010-02-25 16:51:15||1564
747410|2010-02-26 02:19:27|photo747410.jpg|3688
747411|2010-02-26 02:19:28|photo747411.jpg|3688
747412|2010-02-26 02:19:29|photo747412.jpg|3688
197063|2010-02-26 04:12:53|photo197063.jpg|1909
197064|2010-02-26 04:12:54|photo197064.jpg|1909
197065|2010-02-26 04:12:55|photo197065.jpg|1909
197066|2010-02-26 04:12:56|photo197066.jpg|1909
197067|2010-02-26 04:12:57|photo197067.jpg|1909
197068|2010-02-26 04:12:58|photo197068.jpg|1909
197069|2010-02-26 04:12:59|photo197069.jpg|1909
197070|2010-02-26 04:13:00|photo197070.jpg|1909
197071|2010-02-26 04:13:01|photo197071.jpg|1909
197072|2010-02-26 04:13:02|photo197072.jpg|1909
197073|2010-02-26 04:13:03|photo197073.jpg|1909
197074|2010-02-26 04:13:04|photo197074.jpg|1909
197075|2010-02-26 04:13:05|photo197075.jpg|1909
197076|2010-02-26 04:13:06|photo197076.jpg|1909
700933|2010-02-26 05:07:12||1564
1076642|2010-02-26 06:46:01||3092
723076|2010-02-26 08:18:20||2783
751307|2010-02-26 10:34:10|photo751307.jpg|4831
751308|2010-02-26 10:34:11|photo751308.jpg|4831
751309|2010-02-26 10:34:12|photo751309.jpg|4831
751310|2010-02-26 10:34:13|photo751310.jpg|4831
751311|2010-02-26 10:34:14|photo751311.jpg|4831
751312|2010-02-26 10:34:15|photo751312.jpg|4831
751313|2010-02-26 10:34:16|photo751313.jpg|4831
751314|2010-02-26 10:34:17|photo751314.jpg|4831
751315|2010-02-26 10:34:18|photo751315.jpg|4831
751316|2010-02-26 10:34:19|photo751316.jpg|4831
751317|2010-02-26 10:34:20|photo751317.jpg|4831
751318|2010-02-26 10:34:21|photo751318.jpg|4831
751319|2010-02-26 10:34:22|photo751319.jpg|4831
751320|2010-02-26 10:34:23|photo751320.jpg|4831
295682|2010-02-26 13:16:08||987
1355801|2010-02-26 14:08:53||4848
1160478|2010-02-26 17:07:05|photo1160478.jpg|4231
1160479|2010-02-26 17:07:06|photo1160479.jpg|4231
1160480|2010-02-26 17:07:07|photo1160480.jpg|4231
1160481|2010-02-26 17:07:08|photo1160481.jpg|4231
1160482|2010-02-26 17:07:09|photo1160482.jpg|4231
1160483|2010-02-26 17:07:10|photo1160483.jpg|4231
1160484|2010-02-26 17:07:11|photo1160484.jpg|4231
1160485|2010-02-26 17:07:12|photo1160485.jpg|4231
1160486|2010-02-26 17:07:13|photo1160486.jpg|4231
197326|2010-02-26 18:37:07|photo197326.jpg|1909
197327|2010-02-26 18:37:08|photo197327.jpg|1909
197328|2010-02-26 18:37:09|photo197328.jpg|1909
197329|2010-02-26 18:37:10|photo197329.jpg|1909
197330|2010-02-26 18:37:11|photo197330.jpg|1909
197331|2010-02-26 18:37:12|photo197331.jpg|1909
197332|2010-02-26 18:37:13|photo197332.jpg|1909
197333|2010-02-26 18:37:14|photo197333.jpg|1909
197334|2010-02-26 18:37:15|photo197334.jpg|1909
197335|2010-02-26 18:37:16|photo197335.jpg|1909
299437|2010-02-26 20:09:12|photo299437.jpg|4661
299438|2010-02-26 20:09:13|photo299438.jpg|4661
299439|2010-02-26 20:09:14|photo299439.jpg|4661
299440|2010-02-26 20:09:15|photo299440.jpg|4661
299441|2010-02-26 20:09:16|photo299441.jpg|4661
299442|2010-02-26 20:09:17|photo299442.jpg|4661
299443|2010-02-26 20:09:18|photo299443.jpg|4661
299444|2010-02-26 20:09:19|photo299444.jpg|4661
299445|2010-02-26 20:09:20|photo299445.jpg|4661
299446|2010-02-26 20:09:21|photo299446.jpg|4661
299447|2010-02-26 20:09:22|photo299447.jpg|4661
299448|2010-02-26 20:09:23|photo299448.jpg|4661
299449|2010-02-26 20:09:24|photo299449.jpg|4661
299450|2010-02-26 20:09:25|photo299450.jpg|4661
1029331|2010-02-26 20:16:05||2886
331828|2010-02-26 23:13:20|photo331828.jpg|4178
331829|2010-02-26 23:13:21|photo331829.jpg|4178
331830|2010-02-26 23:13:22|photo331830.jpg|4178
331831|2010-02-26 23:13:23|photo331831.jpg|4178
331832|2010-02-26 23:13:24|photo331832.jpg|4178
331833|2010-02-26 23:13:25|photo331833.jpg|4178
331834|2010-02-26 23:13:26|photo331834.jpg|4178
331835|2010-02-26 23:13:27|photo331835.jpg|4178
331836|2010-02-26 23:13:28|photo331836.jpg|4178
331837|2010-02-26 23:13:29|photo331837.jpg|4178
331838|2010-02-26 23:13:30|photo331838.jpg|4178
331839|2010-02-26 23:13:31|photo331839.jpg|4178
331840|2010-02-26 23:13:32|photo331840.jpg|4178
331841|2010-02-26 23:13:33|photo331841.jpg|4178
269843|2010-02-27 01:57:09||407
731488|2010-02-27 08:47:23||4986
1428047|2010-02-27 11:40:56|photo1428047.jpg|702
1428048|2010-02-27 11:40:57|photo1428048.jpg|702
1428049|2010-02-27 11:40:58|photo1428049.jpg|702
1428050|2010-02-27 11:40:59|photo1428050.jpg|702
1428051|2010-02-27 11:41:00|photo1428051.jpg|702
1428052|2010-02-27 11:41:01|photo1428052.jpg|702
404069|2010-02-27 21:49:52||3705
230755|2010-02-28 04:42:08||4644
1428225|2010-02-28 07:17:54|photo1428225.jpg|702
1428226|2010-02-28 07:17:55|photo1428226.jpg|702
1428227|2010-02-28 07:17:56|photo1428227.jpg|702
1428228|2010-02-28 07:17:57|photo1428228.jpg|702
1428229|2010-02-28 07:17:58|photo1428229.jpg|702
1428230|2010-02-28 07:17:59|photo1428230.jpg|702
1428231|2010-02-28 07:18:00|photo1428231.jpg|702
1428232|2010-02-28 07:18:01|photo1428232.jpg|702
299223|2010-02-28 13:06:04|photo299223.jpg|4661
299224|2010-02-28 13:06:05|photo299224.jpg|4661
299225|2010-02-28 13:06:06|photo299225.jpg|4661
299226|2010-02-28 13:06:07|photo299226.jpg|4661
299227|2010-02-28 13:06:08|photo299227.jpg|4661
299228|2010-02-28 13:06:09|photo299228.jpg|4661
299229|2010-02-28 13:06:10|photo299229.jpg|4661
299230|2010-02-28 13:06:11|photo299230.jpg|4661
299231|2010-02-28 13:06:12|photo299231.jpg|4661
299232|2010-02-28 13:06:13|photo299232.jpg|4661
299233|2010-02-28 13:06:14|photo299233.jpg|4661
299234|2010-02-28 13:06:15|photo299234.jpg|4661
1172386|2010-03-01 00:27:43|photo1172386.jpg|683
257228|2010-03-01 02:38:48||4139
64100|2010-03-01 04:17:38|photo64100.jpg|4296
64101|2010-03-01 04:17:39|photo64101.jpg|4296
64102|2010-03-01 04:17:40|photo64102.jpg|4296
64103|2010-03-01 04:17:41|photo64103.jpg|4296
64104|2010-03-01 04:17:42|photo64104.jpg|4296
64105|2010-03-01 04:17:43|photo64105.jpg|4296
215398|2010-03-01 12:14:29||3331
254965|2010-03-01 13:06:26|photo254965.jpg|512
254966|2010-03-01 13:06:27|photo254966.jpg|512
254967|2010-03-01 13:06:28|photo254967.jpg|512
254968|2010-03-01 13:06:29|photo254968.jpg|512
254969|2010-03-01 13:06:30|photo254969.jpg|512
254970|2010-03-01 13:06:31|photo254970.jpg|512
254971|2010-03-01 13:06:32|photo254971.jpg|512
254972|2010-03-01 13:06:33|photo254972.jpg|512
254973|2010-03-01 13:06:34|photo254973.jpg|512
254974|2010-03-01 13:06:35|photo254974.jpg|512
254975|2010-03-01 13:06:36|photo254975.jpg|512
254976|2010-03-01 13:06:37|photo254976.jpg|512
254977|2010-03-01 13:06:38|photo254977.jpg|512
254978|2010-03-01 13:06:39|photo254978.jpg|512
254979|2010-03-01 13:06:40|photo254979.jpg|512
254980|2010-03-01 13:06:41|photo254980.jpg|512
254981|2010-03-01 13:06:42|photo254981.jpg|512
254982|2010-03-01 13:06:43|photo254982.jpg|512
254983|2010-03-01 13:06:44|photo254983.jpg|512
404233|2010-03-01 16:32:29||3705
967206|2010-03-01 16:44:17||2004
404315|2010-03-01 21:15:14||3705
215399|2010-03-01 22:36:59||3331
573437|2010-03-02 00:30:14||4418
1115130|2010-03-02 01:45:14||3764
1076820|2010-03-02 02:03:14||3825
585268|2010-03-02 02:03:59||2917
404212|2010-03-02 02:04:44||3705
723217|2010-03-02 02:08:38||2783
404247|2010-03-02 02:51:59||3705
404236|2010-03-02 03:31:44||3705
1076812|2010-03-02 04:24:14||3825
215405|2010-03-02 05:42:14||3331
1115110|2010-03-02 05:51:59||3764
1076816|2010-03-02 05:53:29||3825
96174|2010-03-02 05:57:23|photo96174.jpg|3217
96175|2010-03-02 05:57:24|photo96175.jpg|3217
96176|2010-03-02 05:57:25|photo96176.jpg|3217
96177|2010-03-02 05:57:26|photo96177.jpg|3217
96178|2010-03-02 05:57:27|photo96178.jpg|3217
96179|2010-03-02 05:57:28|photo96179.jpg|3217
96180|2010-03-02 05:57:29|photo96180.jpg|3217
96181|2010-03-02 05:57:30|photo96181.jpg|3217
96182|2010-03-02 05:57:31|photo96182.jpg|3217
96183|2010-03-02 05:57:32|photo96183.jpg|3217
96184|2010-03-02 05:57:33|photo96184.jpg|3217
96185|2010-03-02 05:57:34|photo96185.jpg|3217
96186|2010-03-02 05:57:35|photo96186.jpg|3217
96187|2010-03-02 05:57:36|photo96187.jpg|3217
96188|2010-03-02 05:57:37|photo96188.jpg|3217
96189|2010-03-02 05:57:38|photo96189.jpg|3217
96190|2010-03-02 05:57:39|photo96190.jpg|3217
96191|2010-03-02 05:57:40|photo96191.jpg|3217
404258|2010-03-02 07:30:14||3705
404250|2010-03-02 09:03:14||3705
404210|2010-03-02 09:06:14||3705
404167|2010-03-02 09:27:14||3705
404226|2010-03-02 10:00:14||3705
585274|2010-03-02 11:21:14||2917
404280|2010-03-02 12:02:29||3705
404266|2010-03-02 12:08:29||3705
404307|2010-03-02 12:30:14||3705
404244|2010-03-02 12:39:14||3705
1339403|2010-03-02 12:49:34||3627
404186|2010-03-02 13:10:44||3705
404196|2010-03-02 13:25:44||3705
404223|2010-03-02 13:33:14||3705
1115127|2010-03-02 13:36:59||3764
1115126|2010-03-02 14:02:29||3764
1018582|2010-03-02 14:05:29||3055
404237|2010-03-02 15:13:44||3705
215403|2010-03-02 15:36:59||3331
585269|2010-03-02 16:28:44||2917
1115133|2010-03-02 16:37:44||3764
1076821|2010-03-02 17:20:29||3825
404299|2010-03-02 17:32:29||3705
404248|2010-03-02 17:39:59||3705
404263|2010-03-02 17:53:29||3705
404319|2010-03-02 17:55:44||3705
1115143|2010-03-02 17:57:59||3764
1115144|2010-03-02 18:08:29||3764
1115114|2010-03-02 18:24:59||3764
1076833|2010-03-02 18:44:29||3825
215402|2010-03-02 18:48:14||3331
404189|2010-03-02 18:50:29||3705
1115147|2010-03-02 19:21:14||3764
585263|2010-03-02 19:29:29||2917
215407|2010-03-02 20:54:59||3331
404162|2010-03-02 21:39:59||3705
404213|2010-03-02 21:39:59||3705
1115113|2010-03-02 21:49:44||3764
1115129|2010-03-02 21:53:29||3764
269874|2010-03-02 22:41:26||407
404227|2010-03-02 22:54:14||3705
404174|2010-03-02 23:13:44||3705
1076807|2010-03-03 00:03:59||3825
585279|2010-03-03 00:38:29||2917
585273|2010-03-03 01:03:14||2917
1115128|2010-03-03 01:44:29||3764
404286|2010-03-03 03:28:44||3705
1115146|2010-03-03 03:35:29||3764
1076815|2010-03-03 03:50:29||3825
298571|2010-03-03 03:55:07||4661
404262|2010-03-03 04:19:44||3705
404283|2010-03-03 04:54:59||3705
215400|2010-03-03 05:05:29||3331
1115119|2010-03-03 05:48:14||3764
1378654|2010-03-03 06:12:08||3962
404178|2010-03-03 06:12:14||3705
1115145|2010-03-03 06:22:44||3764
404190|2010-03-03 06:24:14||3705
1018586|2010-03-03 06:36:59||3055
215401|2010-03-03 07:06:59||3331
573433|2010-03-03 07:24:59||4418
573436|2010-03-03 08:30:59||4418
404255|2010-03-03 09:28:44||3705
1115139|2010-03-03 10:48:14||3764
404272|2010-03-03 10:50:29||3705
723297|2010-03-03 12:26:25||2783
1301440|2010-03-03 12:45:20||4555
404290|2010-03-03 13:18:59||3705
1115142|2010-03-03 16:36:14||3764
215408|2010-03-03 20:06:59||3331
314075|2010-03-03 20:19:12||4281
632113|2010-03-03 22:09:21|photo632113.jpg|1959
632114|2010-03-03 22:09:22|photo632114.jpg|1959
632115|2010-03-03 22:09:23|photo632115.jpg|1959
632116|2010-03-03 22:09:24|photo632116.jpg|1959
632117|2010-03-03 22:09:25|photo632117.jpg|1959
632118|2010-03-03 22:09:26|photo632118.jpg|1959
632119|2010-03-03 22:09:27|photo632119.jpg|1959
632120|2010-03-03 22:09:28|photo632120.jpg|1959
632121|2010-03-03 22:09:29|photo632121.jpg|1959
632122|2010-03-03 22:09:30|photo632122.jpg|1959
632123|2010-03-03 22:09:31|photo632123.jpg|1959
632124|2010-03-03 22:09:32|photo632124.jpg|1959
632125|2010-03-03 22:09:33|photo632125.jpg|1959
632126|2010-03-03 22:09:34|photo632126.jpg|1959
632127|2010-03-03 22:09:35|photo632127.jpg|1959
632128|2010-03-03 22:09:36|photo632128.jpg|1959
1465610|2010-03-04 01:51:08||687
705093|2010-03-04 06:34:50||4273
314588|2010-03-04 08:01:37|photo314588.jpg|4281
723209|2010-03-04 10:39:16||2783
459671|2010-03-04 13:38:07||2310
995143|2010-03-04 13:47:29||2609
310888|2010-03-04 19:03:31|photo310888.jpg|367
310889|2010-03-04 19:03:32|photo310889.jpg|367
310890|2010-03-04 19:03:33|photo310890.jpg|367
310891|2010-03-04 19:03:34|photo310891.jpg|367
310892|2010-03-04 19:03:35|photo310892.jpg|367
310893|2010-03-04 19:03:36|photo310893.jpg|367
310894|2010-03-04 19:03:37|photo310894.jpg|367
310895|2010-03-04 19:03:38|photo310895.jpg|367
310896|2010-03-04 19:03:39|photo310896.jpg|367
310897|2010-03-04 19:03:40|photo310897.jpg|367
310898|2010-03-04 19:03:41|photo310898.jpg|367
310899|2010-03-04 19:03:42|photo310899.jpg|367
310900|2010-03-04 19:03:43|photo310900.jpg|367
310901|2010-03-04 19:03:44|photo310901.jpg|367
1272265|2010-03-04 20:37:59||3539
704818|2010-03-04 23:01:11|photo704818.jpg|1564
167216|2010-03-05 02:49:12||555
1038511|2010-03-05 02:54:15||2292
1077609|2010-03-05 05:11:42||4018
167243|2010-03-05 06:29:42||555
1038485|2010-03-05 08:08:48||2292
1089325|2010-03-05 14:16:12||709
1355797|2010-03-05 14:27:17||4848
1373177|2010-03-05 16:07:12||2023
1077590|2010-03-05 16:46:12||4018
167227|2010-03-05 18:40:12||555
167242|2010-03-05 19:16:57||555
1077604|2010-03-05 20:10:12||4018
1089442|2010-03-05 20:37:12||2269
1077591|2010-03-05 22:49:12||4018
1373175|2010-03-05 23:00:27||2023
167232|2010-03-05 23:31:12||555
594650|2010-03-06 01:41:45||1490
1077597|2010-03-06 01:42:27||4018
403802|2010-03-06 02:37:46|photo403802.jpg|1079
403803|2010-03-06 02:37:47|photo403803.jpg|1079
403804|2010-03-06 02:37:48|photo403804.jpg|1079
403805|2010-03-06 02:37:49|photo403805.jpg|1079
403806|2010-03-06 02:37:50|photo403806.jpg|1079
403807|2010-03-06 02:37:51|photo403807.jpg|1079
403808|2010-03-06 02:37:52|photo403808.jpg|1079
403809|2010-03-06 02:37:53|photo403809.jpg|1079
403810|2010-03-06 02:37:54|photo403810.jpg|1079
403811|2010-03-06 02:37:55|photo403811.jpg|1079
403812|2010-03-06 02:37:56|photo403812.jpg|1079
403813|2010-03-06 02:37:57|photo403813.jpg|1079
403814|2010-03-06 02:37:58|photo403814.jpg|1079
403815|2010-03-06 02:37:59|photo403815.jpg|1079
403816|2010-03-06 02:38:00|photo403816.jpg|1079
403817|2010-03-06 02:38:01|photo403817.jpg|1079
403818|2010-03-06 02:38:02|photo403818.jpg|1079
255303|2010-03-06 03:46:10||1269
295692|2010-03-06 04:00:04||987
1089322|2010-03-06 04:59:42||709
1089327|2010-03-06 05:42:27||709
1077605|2010-03-06 08:28:12||4018
1089326|2010-03-06 08:37:12||709
1077623|2010-03-06 09:22:57||4018
1089440|2010-03-06 09:43:12||2269
1077622|2010-03-06 13:00:27||4018
339597|2010-03-06 13:43:41|photo339597.jpg|318
339598|2010-03-06 13:43:42|photo339598.jpg|318
339599|2010-03-06 13:43:43|photo339599.jpg|318
339600|2010-03-06 13:43:44|photo339600.jpg|318
339601|2010-03-06 13:43:45|photo339601.jpg|318
339602|2010-03-06 13:43:46|photo339602.jpg|318
339603|2010-03-06 13:43:47|photo339603.jpg|318
339604|2010-03-06 13:43:48|photo339604.jpg|318
339605|2010-03-06 13:43:49|photo339605.jpg|318
339606|2010-03-06 13:43:50|photo339606.jpg|318
339607|2010-03-06 13:43:51|photo339607.jpg|318
339608|2010-03-06 13:43:52|photo339608.jpg|318
339609|2010-03-06 13:43:53|photo339609.jpg|318
339610|2010-03-06 13:43:54|photo339610.jpg|318
339611|2010-03-06 13:43:55|photo339611.jpg|318
339612|2010-03-06 13:43:56|photo339612.jpg|318
339613|2010-03-06 13:43:57|photo339613.jpg|318
1128109|2010-03-06 16:42:19|photo1128109.jpg|4428
1128110|2010-03-06 16:42:20|photo1128110.jpg|4428
1128111|2010-03-06 16:42:21|photo1128111.jpg|4428
1128112|2010-03-06 16:42:22|photo1128112.jpg|4428
1128113|2010-03-06 16:42:23|photo1128113.jpg|4428
1128114|2010-03-06 16:42:24|photo1128114.jpg|4428
1128115|2010-03-06 16:42:25|photo1128115.jpg|4428
1128116|2010-03-06 16:42:26|photo1128116.jpg|4428
1128117|2010-03-06 16:42:27|photo1128117.jpg|4428
1128118|2010-03-06 16:42:28|photo1128118.jpg|4428
1128119|2010-03-06 16:42:29|photo1128119.jpg|4428
1128120|2010-03-06 16:42:30|photo1128120.jpg|4428
1128121|2010-03-06 16:42:31|photo1128121.jpg|4428
1128122|2010-03-06 16:42:32|photo1128122.jpg|4428
1128123|2010-03-06 16:42:33|photo1128123.jpg|4428
1128124|2010-03-06 16:42:34|photo1128124.jpg|4428
167222|2010-03-06 18:59:42||555
1373178|2010-03-06 19:12:27||2023
705078|2010-03-07 07:48:24||4273
705076|2010-03-07 07:49:58||4273
723183|2010-03-07 13:33:38||2783
255889|2010-03-07 15:44:55|photo255889.jpg|1269
255890|2010-03-07 15:44:56|photo255890.jpg|1269
255891|2010-03-07 15:44:57|photo255891.jpg|1269
255892|2010-03-07 15:44:58|photo255892.jpg|1269
255893|2010-03-07 15:44:59|photo255893.jpg|1269
255894|2010-03-07 15:45:00|photo255894.jpg|1269
255895|2010-03-07 15:45:01|photo255895.jpg|1269
255896|2010-03-07 15:45:02|photo255896.jpg|1269
255897|2010-03-07 15:45:03|photo255897.jpg|1269
255898|2010-03-07 15:45:04|photo255898.jpg|1269
255899|2010-03-07 15:45:05|photo255899.jpg|1269
255900|2010-03-07 15:45:06|photo255900.jpg|1269
255901|2010-03-07 15:45:07|photo255901.jpg|1269
255902|2010-03-07 15:45:08|photo255902.jpg|1269
255903|2010-03-07 15:45:09|photo255903.jpg|1269
255904|2010-03-07 15:45:10|photo255904.jpg|1269
255905|2010-03-07 15:45:11|photo255905.jpg|1269
255906|2010-03-07 15:45:12|photo255906.jpg|1269
255907|2010-03-07 15:45:13|photo255907.jpg|1269
1172467|2010-03-07 17:11:58|photo1172467.jpg|683
1172468|2010-03-07 17:11:59|photo1172468.jpg|683
1172469|2010-03-07 17:12:00|photo1172469.jpg|683
1172470|2010-03-07 17:12:01|photo1172470.jpg|683
1172471|2010-03-07 17:12:02|photo1172471.jpg|683
1172472|2010-03-07 17:12:03|photo1172472.jpg|683
1172473|2010-03-07 17:12:04|photo1172473.jpg|683
1172474|2010-03-07 17:12:05|photo1172474.jpg|683
1172475|2010-03-07 17:12:06|photo1172475.jpg|683
722188|2010-03-07 22:01:58|photo722188.jpg|267
722189|2010-03-07 22:01:59|photo722189.jpg|267
722190|2010-03-07 22:02:00|photo722190.jpg|267
722191|2010-03-07 22:02:01|photo722191.jpg|267
722192|2010-03-07 22:02:02|photo722192.jpg|267
722193|2010-03-07 22:02:03|photo722193.jpg|267
722194|2010-03-07 22:02:04|photo722194.jpg|267
722195|2010-03-07 22:02:05|photo722195.jpg|267
722196|2010-03-07 22:02:06|photo722196.jpg|267
722197|2010-03-07 22:02:07|photo722197.jpg|267
722198|2010-03-07 22:02:08|photo722198.jpg|267
722199|2010-03-07 22:02:09|photo722199.jpg|267
722200|2010-03-07 22:02:10|photo722200.jpg|267
1107305|2010-03-08 06:44:44|photo1107305.jpg|3949
1107306|2010-03-08 06:44:45|photo1107306.jpg|3949
1107307|2010-03-08 06:44:46|photo1107307.jpg|3949
1107308|2010-03-08 06:44:47|photo1107308.jpg|3949
1107309|2010-03-08 06:44:48|photo1107309.jpg|3949
1107310|2010-03-08 06:44:49|photo1107310.jpg|3949
1107311|2010-03-08 06:44:50|photo1107311.jpg|3949
1107312|2010-03-08 06:44:51|photo1107312.jpg|3949
1107313|2010-03-08 06:44:52|photo1107313.jpg|3949
1107314|2010-03-08 06:44:53|photo1107314.jpg|3949
1107315|2010-03-08 06:44:54|photo1107315.jpg|3949
1107316|2010-03-08 06:44:55|photo1107316.jpg|3949
1107317|2010-03-08 06:44:56|photo1107317.jpg|3949
1107318|2010-03-08 06:44:57|photo1107318.jpg|3949
1107319|2010-03-08 06:44:58|photo1107319.jpg|3949
1107320|2010-03-08 06:44:59|photo1107320.jpg|3949
571500|2010-03-08 10:56:33||459
645331|2010-03-08 12:34:07|photo645331.jpg|2588
645332|2010-03-08 12:34:08|photo645332.jpg|2588
645333|2010-03-08 12:34:09|photo645333.jpg|2588
1028374|2010-03-08 12:59:48||2191
284089|2010-03-08 15:41:37||1242
147454|2010-03-08 15:42:30|photo147454.jpg|4435
147455|2010-03-08 15:42:31|photo147455.jpg|4435
147456|2010-03-08 15:42:32|photo147456.jpg|4435
147457|2010-03-08 15:42:33|photo147457.jpg|4435
147458|2010-03-08 15:42:34|photo147458.jpg|4435
147459|2010-03-08 15:42:35|photo147459.jpg|4435
147460|2010-03-08 15:42:36|photo147460.jpg|4435
147461|2010-03-08 15:42:37|photo147461.jpg|4435
147462|2010-03-08 15:42:38|photo147462.jpg|4435
147463|2010-03-08 15:42:39|photo147463.jpg|4435
147464|2010-03-08 15:42:40|photo147464.jpg|4435
147465|2010-03-08 15:42:41|photo147465.jpg|4435
147466|2010-03-08 15:42:42|photo147466.jpg|4435
147467|2010-03-08 15:42:43|photo147467.jpg|4435
147468|2010-03-08 15:42:44|photo147468.jpg|4435
147469|2010-03-08 15:42:45|photo147469.jpg|4435
147470|2010-03-08 15:42:46|photo147470.jpg|4435
147471|2010-03-08 15:42:47|photo147471.jpg|4435
147472|2010-03-08 15:42:48|photo147472.jpg|4435
147473|2010-03-08 15:42:49|photo147473.jpg|4435
1048817|2010-03-08 17:23:07||974
1339420|2010-03-08 17:27:05||3627
947183|2010-03-08 18:38:38|photo947183.jpg|3120
947184|2010-03-08 18:38:39|photo947184.jpg|3120
947185|2010-03-08 18:38:40|photo947185.jpg|3120
723178|2010-03-09 04:34:13||2783
1105660|2010-03-09 07:42:13|photo1105660.jpg|583
1105661|2010-03-09 07:42:14|photo1105661.jpg|583
1105662|2010-03-09 07:42:15|photo1105662.jpg|583
1105663|2010-03-09 07:42:16|photo1105663.jpg|583
1105664|2010-03-09 07:42:17|photo1105664.jpg|583
1105665|2010-03-09 07:42:18|photo1105665.jpg|583
1105666|2010-03-09 07:42:19|photo1105666.jpg|583
1273403|2010-03-09 11:25:17|photo1273403.jpg|4558
1273404|2010-03-09 11:25:18|photo1273404.jpg|4558
1273405|2010-03-09 11:25:19|photo1273405.jpg|4558
1273406|2010-03-09 11:25:20|photo1273406.jpg|4558
1273407|2010-03-09 11:25:21|photo1273407.jpg|4558
1273408|2010-03-09 11:25:22|photo1273408.jpg|4558
1273409|2010-03-09 11:25:23|photo1273409.jpg|4558
1273410|2010-03-09 11:25:24|photo1273410.jpg|4558
1273411|2010-03-09 11:25:25|photo1273411.jpg|4558
1273412|2010-03-09 11:25:26|photo1273412.jpg|4558
1273413|2010-03-09 11:25:27|photo1273413.jpg|4558
1273414|2010-03-09 11:25:28|photo1273414.jpg|4558
1273415|2010-03-09 11:25:29|photo1273415.jpg|4558
1273416|2010-03-09 11:25:30|photo1273416.jpg|4558
1273417|2010-03-09 11:25:31|photo1273417.jpg|4558
231708|2010-03-09 11:52:41|photo231708.jpg|4644
231709|2010-03-09 11:52:42|photo231709.jpg|4644
231710|2010-03-09 11:52:43|photo231710.jpg|4644
231711|2010-03-09 11:52:44|photo231711.jpg|4644
231712|2010-03-09 11:52:45|photo231712.jpg|4644
197219|2010-03-09 13:21:08|photo197219.jpg|1909
197220|2010-03-09 13:21:09|photo197220.jpg|1909
197221|2010-03-09 13:21:10|photo197221.jpg|1909
197222|2010-03-09 13:21:11|photo197222.jpg|1909
197223|2010-03-09 13:21:12|photo197223.jpg|1909
197224|2010-03-09 13:21:13|photo197224.jpg|1909
197225|2010-03-09 13:21:14|photo197225.jpg|1909
197226|2010-03-09 13:21:15|photo197226.jpg|1909
197227|2010-03-09 13:21:16|photo197227.jpg|1909
197228|2010-03-09 13:21:17|photo197228.jpg|1909
197229|2010-03-09 13:21:18|photo197229.jpg|1909
197230|2010-03-09 13:21:19|photo197230.jpg|1909
197231|2010-03-09 13:21:20|photo197231.jpg|1909
197232|2010-03-09 13:21:21|photo197232.jpg|1909
197233|2010-03-09 13:21:22|photo197233.jpg|1909
197234|2010-03-09 13:21:23|photo197234.jpg|1909
197235|2010-03-09 13:21:24|photo197235.jpg|1909
197236|2010-03-09 13:21:25|photo197236.jpg|1909
197237|2010-03-09 13:21:26|photo197237.jpg|1909
197238|2010-03-09 13:21:27|photo197238.jpg|1909
1466191|2010-03-09 16:05:23|photo1466191.jpg|687
1466192|2010-03-09 16:05:24|photo1466192.jpg|687
1466193|2010-03-09 16:05:25|photo1466193.jpg|687
1466194|2010-03-09 16:05:26|photo1466194.jpg|687
1466195|2010-03-09 16:05:27|photo1466195.jpg|687
1466196|2010-03-09 16:05:28|photo1466196.jpg|687
1466197|2010-03-09 16:05:29|photo1466197.jpg|687
1466198|2010-03-09 16:05:30|photo1466198.jpg|687
1466199|2010-03-09 16:05:31|photo1466199.jpg|687
1466200|2010-03-09 16:05:32|photo1466200.jpg|687
1466201|2010-03-09 16:05:33|photo1466201.jpg|687
1466202|2010-03-09 16:05:34|photo1466202.jpg|687
1466203|2010-03-09 16:05:35|photo1466203.jpg|687
1466204|2010-03-09 16:05:36|photo1466204.jpg|687
1466205|2010-03-09 16:05:37|photo1466205.jpg|687
1466206|2010-03-09 16:05:38|photo1466206.jpg|687
1466207|2010-03-09 16:05:39|photo1466207.jpg|687
1466208|2010-03-09 16:05:40|photo1466208.jpg|687
1466209|2010-03-09 16:05:41|photo1466209.jpg|687
1466265|2010-03-09 19:25:29|photo1466265.jpg|687
1466266|2010-03-09 19:25:30|photo1466266.jpg|687
1466267|2010-03-09 19:25:31|photo1466267.jpg|687
1466268|2010-03-09 19:25:32|photo1466268.jpg|687
1466269|2010-03-09 19:25:33|photo1466269.jpg|687
1466270|2010-03-09 19:25:34|photo1466270.jpg|687
1466271|2010-03-09 19:25:35|photo1466271.jpg|687
1466272|2010-03-09 19:25:36|photo1466272.jpg|687
1466273|2010-03-09 19:25:37|photo1466273.jpg|687
1466274|2010-03-09 19:25:38|photo1466274.jpg|687
1466275|2010-03-09 19:25:39|photo1466275.jpg|687
1466276|2010-03-09 19:25:40|photo1466276.jpg|687
1466277|2010-03-09 19:25:41|photo1466277.jpg|687
1466278|2010-03-09 19:25:42|photo1466278.jpg|687
1466279|2010-03-09 19:25:43|photo1466279.jpg|687
1466280|2010-03-09 19:25:44|photo1466280.jpg|687
723156|2010-03-09 23:40:30||2783
298566|2010-03-10 03:35:16||4661
1467030|2010-03-10 04:21:37|photo1467030.jpg|4827
1467031|2010-03-10 04:21:38|photo1467031.jpg|4827
1467032|2010-03-10 04:21:39|photo1467032.jpg|4827
1467033|2010-03-10 04:21:40|photo1467033.jpg|4827
1467034|2010-03-10 04:21:41|photo1467034.jpg|4827
1467035|2010-03-10 04:21:42|photo1467035.jpg|4827
1467036|2010-03-10 04:21:43|photo1467036.jpg|4827
1467037|2010-03-10 04:21:44|photo1467037.jpg|4827
1467038|2010-03-10 04:21:45|photo1467038.jpg|4827
1467039|2010-03-10 04:21:46|photo1467039.jpg|4827
1467040|2010-03-10 04:21:47|photo1467040.jpg|4827
1467041|2010-03-10 04:21:48|photo1467041.jpg|4827
1467042|2010-03-10 04:21:49|photo1467042.jpg|4827
1467043|2010-03-10 04:21:50|photo1467043.jpg|4827
1467044|2010-03-10 04:21:51|photo1467044.jpg|4827
1467045|2010-03-10 04:21:52|photo1467045.jpg|4827
1467046|2010-03-10 04:21:53|photo1467046.jpg|4827
1467047|2010-03-10 04:21:54|photo1467047.jpg|4827
1090074|2010-03-10 11:11:49|photo1090074.jpg|4460
1090075|2010-03-10 11:11:50|photo1090075.jpg|4460
1090076|2010-03-10 11:11:51|photo1090076.jpg|4460
1090077|2010-03-10 11:11:52|photo1090077.jpg|4460
1090078|2010-03-10 11:11:53|photo1090078.jpg|4460
1090079|2010-03-10 11:11:54|photo1090079.jpg|4460
1090080|2010-03-10 11:11:55|photo1090080.jpg|4460
1090081|2010-03-10 11:11:56|photo1090081.jpg|4460
1090082|2010-03-10 11:11:57|photo1090082.jpg|4460
1090083|2010-03-10 11:11:58|photo1090083.jpg|4460
1090084|2010-03-10 11:11:59|photo1090084.jpg|4460
1090085|2010-03-10 11:12:00|photo1090085.jpg|4460
1090086|2010-03-10 11:12:01|photo1090086.jpg|4460
1090087|2010-03-10 11:12:02|photo1090087.jpg|4460
1090088|2010-03-10 11:12:03|photo1090088.jpg|4460
