Friends|2194|1099511631018
Friends|1099511631018|2194
Friends|1099511629479|1099511629845
Friends|1099511629845|1099511629479
Users|1099511629851|Francis Reyes
Posts|8590893695|2010-05-13 07:26:11|photo8590893695.jpg|1099511629851
Posts|8590893696|2010-05-13 07:26:12|photo8590893696.jpg|1099511629851
Posts|8590893697|2010-05-13 07:26:13|photo8590893697.jpg|1099511629851
Posts|8590893698|2010-05-13 07:26:14|photo8590893698.jpg|1099511629851
Posts|8590893699|2010-05-13 07:26:15|photo8590893699.jpg|1099511629851
